sat1_id,sat1_name,sat2_id,sat2_name,miss_distance_km,relative_velocity_km_s,bstar_1,bstar_2,target_risk_score
81102,OBJECT_81102,81103,OBJECT_81103,1275.0228,0.6554,0.0014501,0.00019236,0.0
81102,OBJECT_81102,81104,OBJECT_81104,1173.4312,0.6099,0.0014501,0.00021223000000000002,0.0
28222,OBJECT_28222,81102,OBJECT_81102,1026.9414,14.4082,0.00061193,0.0014501,0.0002
81102,OBJECT_81102,34383,OBJECT_34383,1649.716,4.2257,0.0014501,0.0058841,0.0001
81102,OBJECT_81102,30988,OBJECT_30988,456.672,15.1069,0.0014501,0.0019808,0.0002
20453,OBJECT_20453,81102,OBJECT_81102,1589.4997,5.2556,0.0007334300000000001,0.0014501,0.0001
66052,HRC MONOBLOCK CAMERA,81102,OBJECT_81102,1195.4721,12.4141,0.00052637,0.0014501,0.0002
81102,OBJECT_81102,36470,OBJECT_36470,517.8905,5.2466,0.0014501,0.0041525,0.0001
81102,OBJECT_81102,32203,OBJECT_32203,1804.9767,6.788,0.0014501,0.00066927,0.0002
81102,OBJECT_81102,89484,OBJECT_89484,3515.0596,5.8019,0.0014501,0.12563,0.0002
66515,SZ-21 MODULE,81102,OBJECT_81102,338.6519,11.5866,0.00025938000000000003,0.0014501,0.0002
66515,OBJECT_66515,81102,OBJECT_81102,338.6519,11.5866,0.00025938000000000003,0.0014501,0.0002
54039,OBJECT_54039,81102,OBJECT_81102,624.0613,15.4761,0.00045250000000000005,0.0014501,0.0002
81102,OBJECT_81102,34478,OBJECT_34478,40.6678,10.6262,0.0014501,0.005755400000000001,0.0002
81102,OBJECT_81102,84232,OBJECT_84232,4627.5948,6.2479,0.0014501,0.0026161,0.0002
5118,OBJECT_05118,81102,OBJECT_81102,1314.1837,12.6103,0.00040186,0.0014501,0.0002
28738,OBJECT_28738,81102,OBJECT_81102,94.6568,15.7592,0.00049418,0.0014501,0.0002
67686,UITMSAT-2,81102,OBJECT_81102,1857.1304,11.3328,0.00077092,0.0014501,0.0002
81102,OBJECT_81102,35891,OBJECT_35891,923.8948,14.2792,0.0014501,0.0014516000000000002,0.0002
81102,OBJECT_81102,81111,OBJECT_81111,853.5294,6.5478,0.0014501,0.0043772,0.0002
20775,OBJECT_20775,81102,OBJECT_81102,5145.5552,3.9028,0.0004168,0.0014501,0.0001
67688,HMU-SAT2,81102,OBJECT_81102,2845.0342,11.0147,0.00066833,0.0014501,0.0002
16719,OBJECT_16719,81102,OBJECT_81102,364.4681,15.0299,0.0004131,0.0014501,0.0002
52794,OBJECT_52794,81102,OBJECT_81102,2664.0916,8.4905,0.00035993000000000006,0.0014501,0.0002
12139,OBJECT_12139,81102,OBJECT_81102,1330.9725,6.7445,0.00043366,0.0014501,0.0002
67685,GXIBA-1,81102,OBJECT_81102,1804.4889,11.1612,0.00068196,0.0014501,0.0002
67687,LEOPARD,81102,OBJECT_81102,2520.4871,10.9797,0.0007166000000000001,0.0014501,0.0002
66906,DUPLEX,81102,OBJECT_81102,1819.622,11.2803,0.0004036,0.0014501,0.0002
67683,KNACKSAT-2,81102,OBJECT_81102,1831.7212,11.0385,0.0005019,0.0014501,0.0002
81102,OBJECT_81102,32185,OBJECT_32185,1659.9844,7.2507,0.0014501,0.0027211999999999996,0.0002
5730,OBJECT_05730,81102,OBJECT_81102,907.7613,13.0467,0.0002277,0.0014501,0.0002
81102,OBJECT_81102,30764,OBJECT_30764,1298.3668,16.0613,0.0014501,0.0010443,0.0002
39679,OBJECT_39679,81102,OBJECT_81102,1664.4496,12.2645,0.00023391000000000002,0.0014501,0.0002
81102,OBJECT_81102,39554,OBJECT_39554,1438.7097,3.9572,0.0014501,0.0025328,0.0001
81102,OBJECT_81102,35602,OBJECT_35602,652.9777,11.3891,0.0014501,0.0003241,0.0002
69049,TIANZHOU-10,81102,OBJECT_81102,2142.0923,11.3142,0.00016627,0.0014501,0.0003
48274,CSS (TIANHE),81102,OBJECT_81102,2142.1343,11.3142,0.00017114,0.0014501,0.0003
53239,CSS (WENTIAN),81102,OBJECT_81102,2142.1343,11.3142,0.00017114,0.0014501,0.0003
54216,CSS (MENGTIAN),81102,OBJECT_81102,2142.1343,11.3142,0.00017114,0.0014501,0.0003
69180,SHENZHOU-23 (SZ-23),81102,OBJECT_81102,2142.1343,11.3142,0.00017114,0.0014501,0.0003
48274,OBJECT_48274,81102,OBJECT_81102,2142.1343,11.3142,0.00017114,0.0014501,0.0003
81102,OBJECT_81102,34861,OBJECT_34861,236.0852,13.9148,0.0014501,0.0050554,0.0002
81102,OBJECT_81102,38487,OBJECT_38487,1966.0298,12.3804,0.0014501,0.0022501,0.0002
81102,OBJECT_81102,31680,OBJECT_31680,2190.6404,8.1383,0.0014501,0.0008204,0.0002
81102,OBJECT_81102,33599,OBJECT_33599,819.3612,14.9959,0.0014501,0.0007097900000000001,0.0002
81102,OBJECT_81102,31281,OBJECT_31281,1956.7898,9.3471,0.0014501,0.00088798,0.0002
81102,OBJECT_81102,33687,OBJECT_33687,1810.3444,13.9196,0.0014501,0.00042666,0.0002
13819,OBJECT_13819,81102,OBJECT_81102,2015.5479,8.8482,0.00022197000000000002,0.0014501,0.0002
43682,OBJECT_43682,81102,OBJECT_81102,2158.3567,7.53,0.0003926,0.0014501,0.0002
25544,ISS (ZARYA),81102,OBJECT_81102,2009.3781,10.9242,0.00016914000000000002,0.0014501,0.0003
36086,POISK,81102,OBJECT_81102,2009.3781,10.9242,0.00016914000000000002,0.0014501,0.0003
49044,ISS (NAUKA),81102,OBJECT_81102,2009.3781,10.9242,0.00016914000000000002,0.0014501,0.0003
67796,CREW DRAGON 12,81102,OBJECT_81102,2009.3781,10.9242,0.00016914000000000002,0.0014501,0.0003
68319,PROGRESS-MS 33,81102,OBJECT_81102,2009.3781,10.9242,0.00016914000000000002,0.0014501,0.0003
68689,CYGNUS NG-24,81102,OBJECT_81102,2009.3781,10.9242,0.00016914000000000002,0.0014501,0.0003
68837,PROGRESS-MS 34,81102,OBJECT_81102,2009.3781,10.9242,0.00016914000000000002,0.0014501,0.0003
25544,OBJECT_25544,81102,OBJECT_81102,2009.3781,10.9242,0.00016914000000000002,0.0014501,0.0003
10114,OBJECT_10114,81102,OBJECT_81102,499.3827,8.4588,0.00018240999999999998,0.0014501,0.0003
81102,OBJECT_81102,33821,OBJECT_33821,1651.1775,12.3775,0.0014501,0.00076782,0.0002
12465,OBJECT_12465,81102,OBJECT_81102,1495.872,5.2064,0.00019945,0.0014501,0.0001
81102,OBJECT_81102,35443,OBJECT_35443,2313.8469,8.9805,0.0014501,0.0041542,0.0002
81102,OBJECT_81102,39547,OBJECT_39547,222.7319,11.9014,0.0014501,0.0023994,0.0002
33504,OBJECT_33504,81102,OBJECT_81102,2084.3703,5.7017,0.00018579000000000002,0.0014501,0.0003
81102,OBJECT_81102,31630,OBJECT_31630,1822.1107,8.0099,0.0014501,0.00074988,0.0002
81102,OBJECT_81102,35622,OBJECT_35622,2758.0046,5.8938,0.0014501,0.0079148,0.0002
81102,OBJECT_81102,33818,OBJECT_33818,2406.3974,11.117,0.0014501,0.0026113,0.0002
81102,OBJECT_81102,31436,OBJECT_31436,1702.2741,7.8671,0.0014501,0.006832899999999999,0.0002
14208,OBJECT_14208,81102,OBJECT_81102,700.933,15.4831,0.000221,0.0014501,0.0002
81102,OBJECT_81102,37518,OBJECT_37518,1628.1866,4.8204,0.0014501,0.0018892000000000002,0.0001
81102,OBJECT_81102,30082,OBJECT_30082,166.3945,13.8941,0.0014501,0.0013507,0.0002
81102,OBJECT_81102,84292,OBJECT_84292,2059.2312,4.3393,0.0014501,0.0015052,0.0001
81102,OBJECT_81102,33679,OBJECT_33679,790.332,12.3772,0.0014501,0.0015966,0.0002
21819,OBJECT_21819,81102,OBJECT_81102,1112.1955,12.6779,0.00017947,0.0014501,0.0003
81102,OBJECT_81102,35174,OBJECT_35174,304.433,15.8314,0.0014501,0.0024598000000000003,0.0002
81102,OBJECT_81102,33939,OBJECT_33939,639.6993,14.4441,0.0014501,0.0039595,0.0002
81102,OBJECT_81102,81947,OBJECT_81947,667.0491,9.5441,0.0014501,0.00067081,0.0002
81102,OBJECT_81102,31346,OBJECT_31346,706.4712,15.6015,0.0014501,0.00044548,0.0002
81102,OBJECT_81102,37427,OBJECT_37427,4679.4097,9.5389,0.0014501,0.00042394,0.0002
81102,OBJECT_81102,33684,OBJECT_33684,394.8742,13.9723,0.0014501,0.00040342,0.0002
81102,OBJECT_81102,33765,OBJECT_33765,2147.5093,11.4855,0.0014501,0.0017709,0.0002
81102,OBJECT_81102,36225,OBJECT_36225,1973.9008,9.7216,0.0014501,0.0018013000000000003,0.0002
28415,OBJECT_28415,81102,OBJECT_81102,368.0842,15.7495,0.00022941000000000001,0.0014501,0.0002
81102,OBJECT_81102,31327,OBJECT_31327,1036.2405,14.9093,0.0014501,0.0008168,0.0002
81102,OBJECT_81102,30520,OBJECT_30520,2462.8075,6.4268,0.0014501,0.00068685,0.0002
81102,OBJECT_81102,31686,OBJECT_31686,702.1259,14.0387,0.0014501,0.00041313,0.0002
81102,OBJECT_81102,31021,OBJECT_31021,3372.1068,12.4538,0.0014501,0.0005281900000000001,0.0002
81102,OBJECT_81102,31222,OBJECT_31222,2064.8633,14.2301,0.0014501,0.00030163,0.0002
694,OBJECT_00694,81102,OBJECT_81102,1067.2021,8.4139,0.00016786,0.0014501,0.0003
81102,OBJECT_81102,47029,OBJECT_47029,597.0436,15.088,0.0014501,0.0013957,0.0002
81102,OBJECT_81102,87690,OBJECT_87690,816.5796,5.6517,0.0014501,0.00018884000000000001,0.0001
48865,OBJECT_48865,81102,OBJECT_81102,745.2333,13.986,0.00012189,0.0014501,0.0003
81102,OBJECT_81102,89304,OBJECT_89304,4325.3593,7.5432,0.0014501,0.015304000000000002,0.0002
81102,OBJECT_81102,38513,OBJECT_38513,4742.6601,9.2853,0.0014501,0.00028219,0.0002
81102,OBJECT_81102,36441,OBJECT_36441,1391.4377,10.1799,0.0014501,0.00024257,0.0002
19210,OBJECT_19210,81102,OBJECT_81102,1660.9793,12.5561,0.0002493,0.0014501,0.0002
81102,OBJECT_81102,35996,OBJECT_35996,1264.9097,13.5651,0.0014501,0.00047079,0.0002
19573,OBJECT_19573,81102,OBJECT_81102,1605.4981,13.2345,0.00023187,0.0014501,0.0002
81102,OBJECT_81102,40797,OBJECT_40797,749.8099,14.0454,0.0014501,0.00041109,0.0002
20580,OBJECT_20580,81102,OBJECT_81102,2166.8513,8.2434,0.00019056000000000002,0.0014501,0.0003
81102,OBJECT_81102,34452,OBJECT_34452,3390.9468,11.1218,0.0014501,0.00055199,0.0002
81102,OBJECT_81102,87456,OBJECT_87456,1775.6048,5.7907,0.0014501,0.00024392,0.0002
81102,OBJECT_81102,31938,OBJECT_31938,1317.939,13.8951,0.0014501,0.0001926,0.0001
13403,OBJECT_13403,81102,OBJECT_81102,628.4419,11.5415,0.0001618,0.0014501,0.0003
81102,OBJECT_81102,36283,OBJECT_36283,457.5489,15.6504,0.0014501,0.00082695,0.0002
81102,OBJECT_81102,47041,OBJECT_47041,1257.0306,14.4958,0.0014501,0.0015447,0.0002
81102,OBJECT_81102,31619,OBJECT_31619,1976.6178,6.2488,0.0014501,0.0048325,0.0002
81102,OBJECT_81102,30744,OBJECT_30744,2414.1133,8.4991,0.0014501,0.0053588,0.0002
28932,OBJECT_28932,81102,OBJECT_81102,711.8973,9.9941,0.00026737,0.0014501,0.0002
81102,OBJECT_81102,33603,OBJECT_33603,3133.4308,13.811,0.0014501,0.00022302,0.0002
81102,OBJECT_81102,36423,OBJECT_36423,887.8177,6.6204,0.0014501,0.002995,0.0002
81102,OBJECT_81102,31820,OBJECT_31820,3546.3556,8.435,0.0014501,0.00060686,0.0002
81102,OBJECT_81102,35073,OBJECT_35073,1075.5248,8.5515,0.0014501,0.0026425,0.0002
81102,OBJECT_81102,31877,OBJECT_31877,558.8901,12.9624,0.0014501,0.00095912,0.0002
14699,OBJECT_14699,81102,OBJECT_81102,1512.7074,13.6786,0.00019022,0.0014501,0.0003
81102,OBJECT_81102,47015,OBJECT_47015,657.9494,14.0163,0.0014501,0.00047187000000000005,0.0002
13068,OBJECT_13068,81102,OBJECT_81102,1322.631,13.2026,0.00012312,0.0014501,0.0003
81102,OBJECT_81102,33728,OBJECT_33728,474.0015,13.985,0.0014501,0.00054407,0.0002
81102,OBJECT_81102,29944,OBJECT_29944,588.8187,13.6872,0.0014501,0.00037407,0.0002
81102,OBJECT_81102,30926,OBJECT_30926,3277.2836,14.3735,0.0014501,0.00022896,0.0002
19046,OBJECT_19046,81102,OBJECT_81102,375.7696,14.0367,0.0001893,0.0014501,0.0002
81102,OBJECT_81102,34856,OBJECT_34856,768.5659,14.3121,0.0014501,0.0012102,0.0002
81102,OBJECT_81102,30828,OBJECT_30828,2161.4671,12.4107,0.0014501,0.00081439,0.0002
42758,OBJECT_42758,81102,OBJECT_81102,1450.9475,7.3727,0.00017784,0.0014501,0.0003
81102,OBJECT_81102,35929,OBJECT_35929,1164.1339,11.3922,0.0014501,0.0020801,0.0002
29507,OBJECT_29507,81102,OBJECT_81102,702.7437,15.525,0.00018315,0.0014501,0.0002
12904,OBJECT_12904,81102,OBJECT_81102,1783.7557,9.9656,0.00016950000000000003,0.0014501,0.0003
81102,OBJECT_81102,30496,OBJECT_30496,572.9512,10.9085,0.0014501,0.00065777,0.0002
25876,OBJECT_25876,81102,OBJECT_81102,1363.457,9.8093,0.00021495,0.0014501,0.0002
81102,OBJECT_81102,32137,OBJECT_32137,3472.9808,11.0645,0.0014501,0.00039708,0.0002
81102,OBJECT_81102,81323,OBJECT_81323,1791.6141,8.0215,0.0014501,0.00089111,0.0002
81102,OBJECT_81102,34128,OBJECT_34128,785.7757,5.1072,0.0014501,0.0018186,0.0001
81102,OBJECT_81102,34036,OBJECT_34036,1535.3688,12.0492,0.0014501,0.003751,0.0002
81102,OBJECT_81102,37084,OBJECT_37084,505.8268,10.7077,0.0014501,0.00025584,0.0002
81102,OBJECT_81102,33795,OBJECT_33795,233.8808,14.2615,0.0014501,0.0009433,0.0002
81102,OBJECT_81102,40799,OBJECT_40799,2509.7623,13.9895,0.0014501,0.00025207,0.0002
81102,OBJECT_81102,30106,OBJECT_30106,345.5454,11.5344,0.0014501,0.0048257000000000005,0.0002
81102,OBJECT_81102,30979,OBJECT_30979,2222.5645,7.8103,0.0014501,0.00045886,0.0002
81102,OBJECT_81102,29868,OBJECT_29868,1770.534,15.6627,0.0014501,0.00027124,0.0002
81102,OBJECT_81102,37691,OBJECT_37691,1560.2293,8.7422,0.0014501,0.0014202000000000002,0.0002
81102,OBJECT_81102,89251,OBJECT_89251,4719.5353,6.3898,0.0014501,0.0018221000000000001,0.0002
81102,OBJECT_81102,84236,OBJECT_84236,3097.6304,5.3859,0.0014501,0.0031116,0.0001
81102,OBJECT_81102,30882,OBJECT_30882,1367.8778,14.4212,0.0014501,0.00045088,0.0002
81102,OBJECT_81102,35071,OBJECT_35071,777.1334,10.3685,0.0014501,0.00069255,0.0002
81102,OBJECT_81102,36050,OBJECT_36050,995.5017,8.2919,0.0014501,0.00038119,0.0002
81102,OBJECT_81102,46979,OBJECT_46979,833.9488,14.4533,0.0014501,0.0019347000000000001,0.0002
81102,OBJECT_81102,33811,OBJECT_33811,2008.3045,4.8455,0.0014501,0.0012647000000000001,0.0001
81102,OBJECT_81102,30095,OBJECT_30095,3197.4411,13.7861,0.0014501,0.0007628200000000001,0.0002
20262,OBJECT_20262,81102,OBJECT_81102,570.8334,6.1306,0.0001001,0.0014501,0.0002
81102,OBJECT_81102,37968,OBJECT_37968,1514.0888,3.8101,0.0014501,0.00023044000000000002,0.0
61046,OBJECT_61046,81102,OBJECT_81102,1179.7682,9.0737,0.0008220699999999999,0.0014501,0.0002
81102,OBJECT_81102,35484,OBJECT_35484,1056.4474,14.3782,0.0014501,0.00097739,0.0002
81102,OBJECT_81102,31536,OBJECT_31536,1096.5432,8.1333,0.0014501,0.0009231700000000001,0.0002
20261,OBJECT_20261,81102,OBJECT_81102,3015.6992,10.8662,0.0001047,0.0014501,0.0002
61049,OBJECT_61049,81102,OBJECT_81102,2293.6557,10.0739,0.00081994,0.0014501,0.0002
61047,OBJECT_61047,81102,OBJECT_81102,1491.9343,8.9993,7.2099e-05,0.0014501,0.0002
61048,OBJECT_61048,81102,OBJECT_81102,2183.9153,9.9876,0.001028,0.0014501,0.0002
81102,OBJECT_81102,87764,OBJECT_87764,2021.9948,9.964,0.0014501,0.0012734,0.0002
61045,OBJECT_61045,81102,OBJECT_81102,1757.0948,9.6817,-3.9697e-06,0.0014501,0.0002
81102,OBJECT_81102,36551,OBJECT_36551,515.5703,12.1865,0.0014501,0.0011727,0.0002
81102,OBJECT_81102,35905,OBJECT_35905,668.822,6.2601,0.0014501,0.00043423,0.0002
81102,OBJECT_81102,87271,OBJECT_87271,907.1802,13.8041,0.0014501,0.00082844,0.0002
67232,OBJECT_67232,81102,OBJECT_81102,639.5168,7.4845,0.00015115000000000001,0.0014501,0.0003
81102,OBJECT_81102,37717,OBJECT_37717,838.6342,14.8453,0.0014501,0.0022863000000000002,0.0002
81102,OBJECT_81102,34006,OBJECT_34006,1173.7974,11.6311,0.0014501,0.0035796,0.0002
81102,OBJECT_81102,34451,OBJECT_34451,1012.4179,14.033,0.0014501,0.0018258,0.0002
81102,OBJECT_81102,34955,OBJECT_34955,932.4183,3.4518,0.0014501,0.0005675,0.0
81102,OBJECT_81102,82180,OBJECT_82180,636.0536,13.3166,0.0014501,0.0010036,0.0002
81102,OBJECT_81102,31608,OBJECT_31608,4183.0027,12.7847,0.0014501,0.00017589,0.0002
26474,OBJECT_26474,81102,OBJECT_81102,1708.1193,13.739,0.00014459,0.0014501,0.0002
81102,OBJECT_81102,30660,OBJECT_30660,2098.1015,13.8928,0.0014501,0.0005886099999999999,0.0002
81102,OBJECT_81102,85237,OBJECT_85237,203.6296,13.4664,0.0014501,0.00043947,0.0002
81102,OBJECT_81102,31663,OBJECT_31663,290.9674,10.5444,0.0014501,0.00011959,0.0001
18958,OBJECT_18958,81102,OBJECT_81102,3592.5905,5.4349,0.00011868,0.0014501,0.0002
81102,OBJECT_81102,35223,OBJECT_35223,674.4079,15.558,0.0014501,0.00021793000000000002,0.0002
81102,OBJECT_81102,33655,OBJECT_33655,816.3227,13.8104,0.0014501,0.0016467,0.0002
81102,OBJECT_81102,40996,OBJECT_40996,683.8552,14.7826,0.0014501,0.0024665999999999998,0.0002
81102,OBJECT_81102,81995,OBJECT_81995,2294.1025,9.2485,0.0014501,0.00028793000000000004,0.0002
81102,OBJECT_81102,34449,OBJECT_34449,309.3732,14.1812,0.0014501,0.0018706,0.0002
81102,OBJECT_81102,31631,OBJECT_31631,1143.1838,12.4224,0.0014501,0.010713,0.0002
81102,OBJECT_81102,30694,OBJECT_30694,731.8967,15.2383,0.0014501,0.00025058000000000003,0.0002
13154,OBJECT_13154,81102,OBJECT_81102,1079.2559,9.5534,0.00011728,0.0014501,0.0003
81102,OBJECT_81102,46971,OBJECT_46971,1419.249,13.3738,0.0014501,0.0015969,0.0002
81102,OBJECT_81102,30888,OBJECT_30888,366.1761,15.731,0.0014501,0.00081748,0.0002
81102,OBJECT_81102,30879,OBJECT_30879,1285.4379,7.5998,0.0014501,0.0011754,0.0002
81102,OBJECT_81102,34752,OBJECT_34752,932.8436,11.812,0.0014501,0.0006682900000000001,0.0002
81102,OBJECT_81102,81969,OBJECT_81969,3982.3502,9.1091,0.0014501,0.00045626,0.0002
81102,OBJECT_81102,37316,OBJECT_37316,344.5253,13.1655,0.0014501,0.0018346999999999999,0.0002
81102,OBJECT_81102,40794,OBJECT_40794,1354.2926,12.3398,0.0014501,0.0017699,0.0002
81102,OBJECT_81102,31937,OBJECT_31937,2321.5837,12.61,0.0014501,0.00026792,0.0002
81102,OBJECT_81102,37496,OBJECT_37496,61.3542,8.3604,0.0014501,0.0015279000000000002,0.0002
81102,OBJECT_81102,34118,OBJECT_34118,1177.5991,4.2132,0.0014501,0.0010623000000000002,0.0001
81102,OBJECT_81102,87293,OBJECT_87293,1572.4575,9.9579,0.0014501,0.00049347,0.0002
81102,OBJECT_81102,35898,OBJECT_35898,699.9881,6.5179,0.0014501,0.00034238000000000004,0.0002
81102,OBJECT_81102,30826,OBJECT_30826,5367.3146,8.3227,0.0014501,0.00027426,0.0002
81102,OBJECT_81102,47116,OBJECT_47116,308.5014,4.0255,0.0014501,0.0015581999999999998,0.0001
20666,OBJECT_20666,81102,OBJECT_81102,58.1906,6.1304,0.00010993,0.0014501,0.0003
81102,OBJECT_81102,31695,OBJECT_31695,772.2593,14.2071,0.0014501,0.0013126,0.0002
81102,OBJECT_81102,32314,OBJECT_32314,3647.2996,11.6523,0.0014501,0.00068528,0.0002
81102,OBJECT_81102,29771,OBJECT_29771,1215.2759,8.1203,0.0014501,0.0054156000000000004,0.0002
81102,OBJECT_81102,31758,OBJECT_31758,533.4366,15.2743,0.0014501,0.0015098000000000002,0.0002
81102,OBJECT_81102,87245,OBJECT_87245,802.0208,2.8832,0.0014501,0.00070824,0.0
81102,OBJECT_81102,29833,OBJECT_29833,822.0025,15.8175,0.0014501,0.00059249,0.0002
20465,OBJECT_20465,81102,OBJECT_81102,1437.4915,14.6691,0.0001946,0.0014501,0.0002
29228,OBJECT_29228,81102,OBJECT_81102,83.9312,8.2864,0.00010603,0.0014501,0.0002
57800,OBJECT_57800,81102,OBJECT_81102,654.5768,10.5253,0.00017725,0.0014501,0.0003
81102,OBJECT_81102,36258,OBJECT_36258,1693.5201,14.1136,0.0014501,0.00024668,0.0002
81102,OBJECT_81102,40695,OBJECT_40695,1439.8776,10.5382,0.0014501,3.8577e-05,0.0001
81102,OBJECT_81102,31231,OBJECT_31231,4367.0074,9.1925,0.0014501,0.0014201,0.0002
81102,OBJECT_81102,36047,OBJECT_36047,415.4472,9.3512,0.0014501,0.0011194,0.0002
69589,OBJECT_69589,81102,OBJECT_81102,1615.8789,10.9717,9.6925e-05,0.0014501,0.0002
69590,OBJECT_69590,81102,OBJECT_81102,1518.9528,11.1501,9.7154e-05,0.0014501,0.0002
69591,OBJECT_69591,81102,OBJECT_81102,1619.5425,11.0135,0.00010879,0.0014501,0.0003
81102,OBJECT_81102,31441,OBJECT_31441,1106.8821,8.5036,0.0014501,0.0040788000000000005,0.0002
81102,OBJECT_81102,89172,OBJECT_89172,1190.4334,12.5746,0.0014501,0.0015762999999999999,0.0002
81102,OBJECT_81102,32350,OBJECT_32350,543.1373,14.7702,0.0014501,0.00026742,0.0002
81102,OBJECT_81102,33625,OBJECT_33625,972.3103,12.4173,0.0014501,0.00045425,0.0002
81102,OBJECT_81102,35153,OBJECT_35153,2090.4687,9.8858,0.0014501,0.00021859,0.0002
81102,OBJECT_81102,41011,OBJECT_41011,1319.4284,13.5684,0.0014501,0.00022791,0.0002
41337,OBJECT_41337,81102,OBJECT_81102,1934.0504,8.1432,0.00012778,0.0014501,0.0003
81102,OBJECT_81102,30960,OBJECT_30960,1828.7681,11.012,0.0014501,0.0004286,0.0002
81102,OBJECT_81102,31678,OBJECT_31678,1529.286,12.5893,0.0014501,0.00041860000000000004,0.0002
81102,OBJECT_81102,31057,OBJECT_31057,794.4002,14.4125,0.0014501,0.00028237,0.0002
81102,OBJECT_81102,31187,OBJECT_31187,1512.702,7.5769,0.0014501,0.0012247,0.0002
81102,OBJECT_81102,32125,OBJECT_32125,488.6392,15.4776,0.0014501,0.00054162,0.0002
81102,OBJECT_81102,38783,OBJECT_38783,729.2611,14.2727,0.0014501,0.0010392,0.0002
81102,OBJECT_81102,34486,OBJECT_34486,520.9543,15.1115,0.0014501,0.0015849,0.0002
81102,OBJECT_81102,38220,OBJECT_38220,1089.5998,14.531,0.0014501,0.0019145000000000002,0.0002
81102,OBJECT_81102,38062,OBJECT_38062,1762.1924,4.9427,0.0014501,0.0014044,0.0001
81102,OBJECT_81102,37056,OBJECT_37056,352.2776,14.9777,0.0014501,0.00028294999999999997,0.0002
81102,OBJECT_81102,30418,OBJECT_30418,3883.2767,8.4031,0.0014501,0.00038578,0.0002
81102,OBJECT_81102,87163,OBJECT_87163,622.2343,11.1652,0.0014501,0.00035155,0.0002
81102,OBJECT_81102,30641,OBJECT_30641,2366.5386,13.0129,0.0014501,0.00056965,0.0002
81102,OBJECT_81102,29865,OBJECT_29865,1798.0572,11.7193,0.0014501,0.00068348,0.0002
81102,OBJECT_81102,87517,OBJECT_87517,1051.9189,11.5399,0.0014501,0.0011836000000000001,0.0002
81102,OBJECT_81102,35023,OBJECT_35023,4455.3088,6.2248,0.0014501,0.0011691,0.0002
81102,OBJECT_81102,30546,OBJECT_30546,2243.8495,7.5636,0.0014501,0.00055868,0.0002
81102,OBJECT_81102,30017,OBJECT_30017,1420.6591,13.9531,0.0014501,0.00015029,0.0001
81102,OBJECT_81102,36000,OBJECT_36000,1057.2761,13.7523,0.0014501,0.001719,0.0002
81102,OBJECT_81102,36028,OBJECT_36028,720.8994,10.9807,0.0014501,0.0015024,0.0002
81102,OBJECT_81102,30840,OBJECT_30840,521.3309,15.2619,0.0014501,0.00035079,0.0002
81102,OBJECT_81102,35243,OBJECT_35243,2748.8508,13.831,0.0014501,0.0020509,0.0002
81102,OBJECT_81102,30971,OBJECT_30971,881.4636,14.2219,0.0014501,0.00053027,0.0002
81102,OBJECT_81102,30338,OBJECT_30338,1447.3242,14.0186,0.0014501,0.0009188,0.0002
81102,OBJECT_81102,81329,OBJECT_81329,4146.0427,14.2203,0.0014501,0.00038338,0.0002
20663,OBJECT_20663,81102,OBJECT_81102,2101.726,3.7268,0.00013085,0.0014501,0.0001
81102,OBJECT_81102,31761,OBJECT_31761,1607.0511,6.265,0.0014501,0.0007406,0.0002
3230,OBJECT_03230,81102,OBJECT_81102,1228.1136,12.423,0.00021173,0.0014501,0.0002
21397,OBJECT_21397,81102,OBJECT_81102,2379.2286,9.7557,0.0001406,0.0014501,0.0003
81102,OBJECT_81102,29856,OBJECT_29856,857.9104,13.1727,0.0014501,0.0016194,0.0002
81102,OBJECT_81102,35661,OBJECT_35661,904.4026,13.6058,0.0014501,0.00035914000000000003,0.0002
81102,OBJECT_81102,82402,OBJECT_82402,1288.7545,8.253,0.0014501,0.00029421000000000004,0.0002
81102,OBJECT_81102,29866,OBJECT_29866,588.5854,14.1003,0.0014501,0.00015141,0.0001
81102,OBJECT_81102,34088,OBJECT_34088,865.3142,14.7141,0.0014501,0.0018754000000000002,0.0002
81102,OBJECT_81102,31878,OBJECT_31878,1891.3518,14.0959,0.0014501,0.00040994,0.0002
81102,OBJECT_81102,30169,OBJECT_30169,972.8182,14.2662,0.0014501,0.0016119,0.0002
81102,OBJECT_81102,35703,OBJECT_35703,2680.9236,14.0359,0.0014501,0.00042065,0.0002
81102,OBJECT_81102,82448,OBJECT_82448,861.5217,6.6615,0.0014501,0.00038159,0.0002
81052,OBJECT_81052,81102,OBJECT_81102,830.3007,2.8206,0.00043442,0.0014501,0.0
81102,OBJECT_81102,81343,OBJECT_81343,1128.6886,6.741,0.0014501,0.00036393,0.0002
81102,OBJECT_81102,30297,OBJECT_30297,1202.388,12.4867,0.0014501,0.0014199,0.0002
81102,OBJECT_81102,35670,OBJECT_35670,1406.5355,14.6056,0.0014501,0.00078292,0.0002
81102,OBJECT_81102,30912,OBJECT_30912,3640.9139,8.4973,0.0014501,0.00093588,0.0002
81102,OBJECT_81102,30686,OBJECT_30686,455.2683,6.3736,0.0014501,0.00047219,0.0002
81102,OBJECT_81102,37474,OBJECT_37474,1373.1395,6.4106,0.0014501,0.00099116,0.0002
81102,OBJECT_81102,81792,OBJECT_81792,1422.1934,12.8585,0.0014501,0.00033629,0.0002
81102,OBJECT_81102,82205,OBJECT_82205,1856.4078,13.4259,0.0014501,0.00038023,0.0002
81102,OBJECT_81102,30174,OBJECT_30174,364.9195,8.297,0.0014501,0.003454,0.0002
81102,OBJECT_81102,39546,OBJECT_39546,840.2765,11.6587,0.0014501,0.00050575,0.0002
81102,OBJECT_81102,36385,OBJECT_36385,2707.7909,9.5066,0.0014501,0.0016166,0.0002
81102,OBJECT_81102,30606,OBJECT_30606,843.268,15.4336,0.0014501,0.0005644900000000001,0.0002
81102,OBJECT_81102,35043,OBJECT_35043,689.5786,14.4701,0.0014501,0.0022700000000000003,0.0002
81102,OBJECT_81102,38197,OBJECT_38197,483.9666,12.7444,0.0014501,0.0010569000000000002,0.0002
81102,OBJECT_81102,46990,OBJECT_46990,600.5002,7.3979,0.0014501,0.0022282,0.0002
81102,OBJECT_81102,31540,OBJECT_31540,1427.7552,8.1183,0.0014501,0.0004648,0.0002
81102,OBJECT_81102,30259,OBJECT_30259,1082.4529,6.2469,0.0014501,0.00014815,0.0001
81102,OBJECT_81102,34884,OBJECT_34884,292.7092,14.3805,0.0014501,0.0016679,0.0002
38341,OBJECT_38341,81102,OBJECT_81102,3020.228,13.6978,0.00018146000000000001,0.0014501,0.0002
81102,OBJECT_81102,81366,OBJECT_81366,5005.2079,10.6785,0.0014501,0.00023726000000000002,0.0002
81102,OBJECT_81102,29815,OBJECT_29815,341.6406,15.3951,0.0014501,0.00057834,0.0002
81102,OBJECT_81102,31837,OBJECT_31837,631.3934,14.1043,0.0014501,0.00043296000000000003,0.0002
81102,OBJECT_81102,81615,OBJECT_81615,4541.252,11.8746,0.0014501,0.0011314,0.0002
81102,OBJECT_81102,38146,OBJECT_38146,2538.641,13.5731,0.0014501,0.00054693,0.0002
81102,OBJECT_81102,33665,OBJECT_33665,175.6928,12.8862,0.0014501,0.0008455200000000001,0.0002
81102,OBJECT_81102,81845,OBJECT_81845,2723.3102,8.6717,0.0014501,0.00025022,0.0002
81102,OBJECT_81102,34316,OBJECT_34316,1453.9345,10.2001,0.0014501,0.0010921000000000001,0.0002
81102,OBJECT_81102,30450,OBJECT_30450,712.5731,15.5052,0.0014501,0.0003553,0.0002
81102,OBJECT_81102,30437,OBJECT_30437,1403.4915,14.2629,0.0014501,0.0021643,0.0002
81102,OBJECT_81102,30247,OBJECT_30247,1469.6757,8.9603,0.0014501,0.0014431,0.0002
81102,OBJECT_81102,87553,OBJECT_87553,4352.9591,6.0109,0.0014501,0.0007655,0.0002
81102,OBJECT_81102,34091,OBJECT_34091,1482.5787,13.443,0.0014501,0.0025280000000000003,0.0002
81102,OBJECT_81102,31666,OBJECT_31666,1505.6818,8.8267,0.0014501,0.0025168,0.0002
81102,OBJECT_81102,87051,OBJECT_87051,6083.1195,11.0411,0.0014501,0.00020499,0.0002
81102,OBJECT_81102,37017,OBJECT_37017,906.5652,12.1083,0.0014501,0.0010712,0.0002
16496,OBJECT_16496,81102,OBJECT_81102,3037.8537,4.9212,4.885900000000001e-05,0.0014501,0.0001
28499,OBJECT_28499,81102,OBJECT_81102,3247.1714,9.4602,9.561900000000001e-05,0.0014501,0.0002
81102,OBJECT_81102,30887,OBJECT_30887,1051.984,14.5098,0.0014501,0.00027534,0.0002
81102,OBJECT_81102,31644,OBJECT_31644,2731.4845,7.8775,0.0014501,0.00037379000000000004,0.0002
81102,OBJECT_81102,81864,OBJECT_81864,2309.5432,10.143,0.0014501,0.00015333,0.0001
81102,OBJECT_81102,31780,OBJECT_31780,1926.5323,8.0128,0.0014501,0.00016883000000000002,0.0001
81102,OBJECT_81102,81406,OBJECT_81406,292.7898,11.8857,0.0014501,0.00040519,0.0002
81102,OBJECT_81102,81921,OBJECT_81921,1869.9897,10.9018,0.0014501,0.00053989,0.0002
81102,OBJECT_81102,37444,OBJECT_37444,84.5753,13.4433,0.0014501,0.00015762000000000003,0.0001
81102,OBJECT_81102,31893,OBJECT_31893,2139.4892,14.68,0.0014501,0.00013986,0.0001
21422,OBJECT_21422,81102,OBJECT_81102,842.4665,14.6164,9.481000000000001e-05,0.0014501,0.0001
81102,OBJECT_81102,31805,OBJECT_31805,1725.2165,12.9422,0.0014501,0.0006592,0.0002
81102,OBJECT_81102,31202,OBJECT_31202,1216.247,15.3035,0.0014501,0.0007293,0.0002
81102,OBJECT_81102,37975,OBJECT_37975,230.8892,9.9855,0.0014501,0.0023263,0.0002
81102,OBJECT_81102,36686,OBJECT_36686,2946.5391,6.1642,0.0014501,0.00047136,0.0002
81102,OBJECT_81102,31737,OBJECT_31737,1019.4927,15.3554,0.0014501,0.0002681,0.0002
81102,OBJECT_81102,38801,OBJECT_38801,1032.1295,14.9426,0.0014501,0.00019428000000000002,0.0001
81102,OBJECT_81102,31898,OBJECT_31898,3804.2595,8.1413,0.0014501,0.0005568600000000001,0.0002
22286,OBJECT_22286,81102,OBJECT_81102,4274.1876,6.5421,0.00011234,0.0014501,0.0003
81102,OBJECT_81102,30191,OBJECT_30191,2509.7404,14.6511,0.0014501,0.0010025000000000001,0.0002
81102,OBJECT_81102,34327,OBJECT_34327,4781.7793,11.3445,0.0014501,0.0010148,0.0002
54149,OBJECT_54149,81102,OBJECT_81102,3276.4042,6.2822,0.00015455,0.0014501,0.0003
81102,OBJECT_81102,36695,OBJECT_36695,1716.6179,14.1367,0.0014501,0.00018701000000000001,0.0001
81102,OBJECT_81102,89029,OBJECT_89029,4274.5921,9.2925,0.0014501,0.00041513,0.0002
81102,OBJECT_81102,32176,OBJECT_32176,1995.7783,14.9402,0.0014501,0.0020097,0.0002
22626,OBJECT_22626,81102,OBJECT_81102,855.0574,4.6549,0.00010938000000000001,0.0014501,0.0002
81102,OBJECT_81102,32245,OBJECT_32245,336.0843,6.5605,0.0014501,0.00037992,0.0002
81102,OBJECT_81102,34062,OBJECT_34062,1586.5639,10.7804,0.0014501,0.00097164,0.0002
81102,OBJECT_81102,34301,OBJECT_34301,3523.3212,10.9604,0.0014501,0.0029004000000000005,0.0002
81102,OBJECT_81102,34136,OBJECT_34136,2847.7372,14.9795,0.0014501,0.00024053,0.0002
81102,OBJECT_81102,30018,OBJECT_30018,2704.8151,13.0699,0.0014501,0.00058874,0.0002
81102,OBJECT_81102,35594,OBJECT_35594,1877.9078,12.8307,0.0014501,0.00075906,0.0002
81102,OBJECT_81102,36203,OBJECT_36203,3330.133,14.7271,0.0014501,0.0005947400000000001,0.0002
81102,OBJECT_81102,37126,OBJECT_37126,401.2908,12.8854,0.0014501,9.3708e-05,0.0001
81102,OBJECT_81102,37487,OBJECT_37487,190.7104,7.5105,0.0014501,0.0024025,0.0002
81102,OBJECT_81102,31058,OBJECT_31058,1541.4837,15.1345,0.0014501,0.0006658100000000001,0.0002
81102,OBJECT_81102,33618,OBJECT_33618,609.2435,13.6804,0.0014501,0.0005874000000000001,0.0002
22236,OBJECT_22236,81102,OBJECT_81102,3272.9816,6.7103,0.00010388,0.0014501,0.0002
81102,OBJECT_81102,38212,OBJECT_38212,1293.7638,13.0973,0.0014501,0.00017764,0.0002
81102,OBJECT_81102,29832,OBJECT_29832,1297.6111,12.3399,0.0014501,0.00011854000000000001,0.0001
81102,OBJECT_81102,30290,OBJECT_30290,1938.6641,7.7918,0.0014501,0.0033936,0.0002
81102,OBJECT_81102,31087,OBJECT_31087,879.6212,15.3949,0.0014501,0.00029503,0.0002
81102,OBJECT_81102,31910,OBJECT_31910,565.384,15.1913,0.0014501,0.00069018,0.0002
81102,OBJECT_81102,30125,OBJECT_30125,393.0993,13.5087,0.0014501,0.00027999000000000003,0.0002
81102,OBJECT_81102,31537,OBJECT_31537,2056.6701,9.1853,0.0014501,0.0011271,0.0002
81102,OBJECT_81102,32150,OBJECT_32150,1086.8718,14.6775,0.0014501,0.00010672,0.0001
81102,OBJECT_81102,82875,OBJECT_82875,908.5401,13.7011,0.0014501,6.9112e-05,0.0001
81102,OBJECT_81102,41003,OBJECT_41003,3589.326,13.0045,0.0014501,0.0028066000000000002,0.0002
81102,OBJECT_81102,29816,OBJECT_29816,1323.3415,6.9049,0.0014501,0.00052169,0.0002
81102,OBJECT_81102,30716,OBJECT_30716,1796.6503,7.2682,0.0014501,0.0024131,0.0002
81102,OBJECT_81102,31269,OBJECT_31269,2048.4644,7.3552,0.0014501,0.0007747699999999999,0.0002
81102,OBJECT_81102,29887,OBJECT_29887,366.5926,13.7262,0.0014501,0.00022145999999999998,0.0002
81102,OBJECT_81102,33999,OBJECT_33999,3307.4705,5.8299,0.0014501,0.0006832200000000001,0.0002
31598,OBJECT_31598,81102,OBJECT_81102,4140.502,8.3855,0.00020045,0.0014501,0.0002
81102,OBJECT_81102,34909,OBJECT_34909,1332.3883,13.1206,0.0014501,0.00022028,0.0002
81102,OBJECT_81102,32123,OBJECT_32123,3191.1024,8.0162,0.0014501,0.00016105,0.0001
81102,OBJECT_81102,82494,OBJECT_82494,3112.3996,14.0104,0.0014501,0.0014537,0.0002
81102,OBJECT_81102,30038,OBJECT_30038,1307.4136,14.6378,0.0014501,0.0002661,0.0002
3669,OBJECT_03669,81102,OBJECT_81102,1362.1022,5.7796,8.319600000000001e-05,0.0014501,0.0002
81102,OBJECT_81102,31883,OBJECT_31883,1046.0419,11.6715,0.0014501,0.00069931,0.0002
81102,OBJECT_81102,31914,OBJECT_31914,1172.6424,6.7094,0.0014501,0.00014259,0.0001
81102,OBJECT_81102,30804,OBJECT_30804,903.5594,14.4603,0.0014501,0.00036108,0.0002
81102,OBJECT_81102,37925,OBJECT_37925,1162.3793,8.2256,0.0014501,0.0011457000000000001,0.0002
81102,OBJECT_81102,82912,OBJECT_82912,741.8585,11.3694,0.0014501,0.0010152,0.0002
81102,OBJECT_81102,35442,OBJECT_35442,1662.706,12.5636,0.0014501,0.0013392000000000002,0.0002
81102,OBJECT_81102,89184,OBJECT_89184,3486.3013,7.9016,0.0014501,0.0023577999999999997,0.0002
81102,OBJECT_81102,40796,OBJECT_40796,3773.5551,10.5636,0.0014501,0.00042996,0.0002
81102,OBJECT_81102,31720,OBJECT_31720,2407.8308,11.1489,0.0014501,0.00079449,0.0002
81102,OBJECT_81102,33960,OBJECT_33960,2618.6775,10.4364,0.0014501,0.001164,0.0002
39358,OBJECT_39358,81102,OBJECT_81102,1052.3567,13.6217,8.083e-06,0.0014501,0.0002
81102,OBJECT_81102,32331,OBJECT_32331,428.3767,15.4896,0.0014501,0.0036977,0.0002
81102,OBJECT_81102,38208,OBJECT_38208,2611.6844,14.5584,0.0014501,0.0014809,0.0002
11267,OBJECT_11267,81102,OBJECT_81102,1807.0471,14.2143,3.4513e-05,0.0014501,0.0002
81102,OBJECT_81102,32153,OBJECT_32153,188.3939,6.5945,0.0014501,0.00014904,0.0001
81102,OBJECT_81102,38001,OBJECT_38001,4483.3831,13.1872,0.0014501,0.0005251,0.0002
81102,OBJECT_81102,30028,OBJECT_30028,444.1674,14.506,0.0014501,0.00019593,0.0001
81102,OBJECT_81102,38722,OBJECT_38722,406.1158,11.7479,0.0014501,0.00083989,0.0002
81102,OBJECT_81102,31746,OBJECT_31746,5296.1576,12.6816,0.0014501,0.0027335,0.0002
81102,OBJECT_81102,31715,OBJECT_31715,1240.8195,6.2915,0.0014501,0.0005969,0.0002
81102,OBJECT_81102,29821,OBJECT_29821,802.0493,14.391,0.0014501,0.0006133600000000001,0.0002
81102,OBJECT_81102,29982,OBJECT_29982,1090.5612,6.3111,0.0014501,0.00027445999999999997,0.0002
81102,OBJECT_81102,82381,OBJECT_82381,2879.8089,7.4201,0.0014501,0.0015654000000000002,0.0002
81102,OBJECT_81102,37432,OBJECT_37432,920.727,15.3023,0.0014501,0.00030466,0.0002
81102,OBJECT_81102,30232,OBJECT_30232,1338.5028,7.0174,0.0014501,0.00034132000000000005,0.0002
81102,OBJECT_81102,35650,OBJECT_35650,397.2751,13.6729,0.0014501,0.0012844,0.0002
11672,OBJECT_11672,81102,OBJECT_81102,2899.2166,7.1273,4.2347000000000006e-05,0.0014501,0.0002
81102,OBJECT_81102,35587,OBJECT_35587,1328.8852,13.5377,0.0014501,0.00011240000000000001,0.0001
81102,OBJECT_81102,31810,OBJECT_31810,832.9413,15.6222,0.0014501,0.00049228,0.0002
81102,OBJECT_81102,31821,OBJECT_31821,1942.4192,6.0496,0.0014501,0.0027747,0.0002
81102,OBJECT_81102,37042,OBJECT_37042,3986.9066,12.4733,0.0014501,0.0016295,0.0002
81102,OBJECT_81102,39110,OBJECT_39110,2052.4397,14.5293,0.0014501,0.00011712,0.0001
81102,OBJECT_81102,31296,OBJECT_31296,4099.321,13.2816,0.0014501,0.0042458,0.0002
81102,OBJECT_81102,38122,OBJECT_38122,1420.8063,15.1389,0.0014501,0.0003214,0.0002
81102,OBJECT_81102,87071,OBJECT_87071,1362.9684,13.0989,0.0014501,0.00126,0.0002
81102,OBJECT_81102,35445,OBJECT_35445,2217.685,9.2424,0.0014501,0.00054509,0.0002
81102,OBJECT_81102,38055,OBJECT_38055,5016.3865,7.2501,0.0014501,0.00030423,0.0002
81102,OBJECT_81102,34729,OBJECT_34729,1740.3984,12.7143,0.0014501,0.0010686,0.0002
81102,OBJECT_81102,39583,OBJECT_39583,1084.8773,4.0321,0.0014501,0.0007481600000000001,0.0001
81102,OBJECT_81102,87624,OBJECT_87624,3609.5342,12.1908,0.0014501,0.00038584000000000003,0.0002
81102,OBJECT_81102,30016,OBJECT_30016,1096.2453,14.8158,0.0014501,0.0011022,0.0002
81102,OBJECT_81102,34979,OBJECT_34979,4667.4071,4.2302,0.0014501,0.00060309,0.0001
81102,OBJECT_81102,33678,OBJECT_33678,570.8318,14.2212,0.0014501,0.00024124000000000001,0.0002
81102,OBJECT_81102,34815,OBJECT_34815,2952.2632,4.6514,0.0014501,0.0005749800000000001,0.0001
37731,OBJECT_37731,81102,OBJECT_81102,1388.3987,11.8016,9.9745e-05,0.0014501,0.0002
81102,OBJECT_81102,34681,OBJECT_34681,5437.3962,7.1249,0.0014501,0.00073189,0.0002
81102,OBJECT_81102,31492,OBJECT_31492,333.4106,7.4287,0.0014501,0.0017878,0.0002
81102,OBJECT_81102,40802,OBJECT_40802,2558.1023,10.6537,0.0014501,0.00034914,0.0002
81102,OBJECT_81102,34323,OBJECT_34323,689.4317,11.6738,0.0014501,0.001013,0.0002
81102,OBJECT_81102,35488,OBJECT_35488,3563.9831,11.9925,0.0014501,0.00094727,0.0002
81102,OBJECT_81102,35169,OBJECT_35169,3267.3096,9.8569,0.0014501,0.00028393,0.0002
81102,OBJECT_81102,31168,OBJECT_31168,3362.0856,10.409,0.0014501,0.00030144,0.0002
81102,OBJECT_81102,34079,OBJECT_34079,672.0221,14.9525,0.0014501,0.00092297,0.0002
81102,OBJECT_81102,32114,OBJECT_32114,405.1499,8.4949,0.0014501,0.00092161,0.0002
81102,OBJECT_81102,31443,OBJECT_31443,436.6097,12.3398,0.0014501,0.00089619,0.0002
81102,OBJECT_81102,32432,OBJECT_32432,243.5062,15.4348,0.0014501,0.00043628,0.0002
81102,OBJECT_81102,36622,OBJECT_36622,981.9216,10.1764,0.0014501,0.00045117000000000003,0.0002
81102,OBJECT_81102,38789,OBJECT_38789,1308.3908,7.9545,0.0014501,0.00064012,0.0002
81102,OBJECT_81102,34854,OBJECT_34854,3568.9624,9.258,0.0014501,0.00042747000000000005,0.0002
81102,OBJECT_81102,34949,OBJECT_34949,992.3169,12.2456,0.0014501,0.00018737000000000002,0.0001
81102,OBJECT_81102,34696,OBJECT_34696,1265.0715,14.7251,0.0014501,0.0029939,0.0002
81102,OBJECT_81102,34420,OBJECT_34420,955.8765,12.2267,0.0014501,7.909500000000001e-05,0.0001
81102,OBJECT_81102,35025,OBJECT_35025,523.5043,13.7055,0.0014501,0.00021052,0.0002
81102,OBJECT_81102,31218,OBJECT_31218,1315.7468,11.6798,0.0014501,0.0036227,0.0002
81102,OBJECT_81102,30884,OBJECT_30884,1769.7443,15.3614,0.0014501,0.00088567,0.0002
81102,OBJECT_81102,32221,OBJECT_32221,1474.4419,9.7429,0.0014501,0.00018416,0.0001
81102,OBJECT_81102,35797,OBJECT_35797,1477.311,13.4164,0.0014501,0.0012136,0.0002
81102,OBJECT_81102,33799,OBJECT_33799,1735.7712,12.8405,0.0014501,0.0011915,0.0002
81102,OBJECT_81102,36557,OBJECT_36557,742.7238,11.8624,0.0014501,0.0012789000000000001,0.0002
81102,OBJECT_81102,31563,OBJECT_31563,689.0774,8.4411,0.0014501,0.00027651,0.0002
13553,OBJECT_13553,81102,OBJECT_81102,4123.8355,11.8082,3.9108e-05,0.0014501,0.0002
81102,OBJECT_81102,32409,OBJECT_32409,2641.283,6.5392,0.0014501,0.0005868900000000001,0.0002
81102,OBJECT_81102,31035,OBJECT_31035,1703.1883,13.0201,0.0014501,0.0011532,0.0002
81102,OBJECT_81102,29872,OBJECT_29872,634.4504,15.3466,0.0014501,0.0002524,0.0002
81102,OBJECT_81102,37320,OBJECT_37320,1642.7705,4.3955,0.0014501,0.00057787,0.0001
81102,OBJECT_81102,85151,OBJECT_85151,1705.3258,6.296,0.0014501,0.0020544,0.0002
81102,OBJECT_81102,30364,OBJECT_30364,1050.7902,7.5699,0.0014501,0.0012102,0.0002
81102,OBJECT_81102,30982,OBJECT_30982,750.4264,14.4415,0.0014501,0.00011636,0.0001
81102,OBJECT_81102,29841,OBJECT_29841,1924.325,13.0462,0.0014501,0.0002206,0.0002
16792,OBJECT_16792,81102,OBJECT_81102,1482.5323,14.8954,3.0566e-05,0.0014501,0.0001
81102,OBJECT_81102,32459,OBJECT_32459,1265.8939,15.4566,0.0014501,0.00031274000000000004,0.0002
81102,OBJECT_81102,29904,OBJECT_29904,1320.8191,14.2305,0.0014501,0.00015734,0.0001
81102,OBJECT_81102,34412,OBJECT_34412,848.5553,12.0105,0.0014501,0.00042176000000000003,0.0002
15945,OBJECT_15945,81102,OBJECT_81102,3162.1748,14.1195,4.0135e-05,0.0014501,0.0002
17567,OBJECT_17567,81102,OBJECT_81102,2090.9821,13.2362,3.1280000000000005e-05,0.0014501,0.0002
81102,OBJECT_81102,37546,OBJECT_37546,2375.6354,13.243,0.0014501,0.0012998999999999999,0.0002
81102,OBJECT_81102,89132,OBJECT_89132,759.1053,4.268,0.0014501,-2.6864e-05,0.0
81102,OBJECT_81102,37061,OBJECT_37061,1241.0384,15.343,0.0014501,0.00081429,0.0002
81102,OBJECT_81102,31768,OBJECT_31768,1573.9755,13.0742,0.0014501,0.0018956,0.0002
81102,OBJECT_81102,47069,OBJECT_47069,3113.8311,13.4403,0.0014501,0.0010091,0.0002
81102,OBJECT_81102,30380,OBJECT_30380,1337.672,14.15,0.0014501,0.0002188,0.0002
81102,OBJECT_81102,35616,OBJECT_35616,496.45,14.2407,0.0014501,0.0011488,0.0002
18153,OBJECT_18153,81102,OBJECT_81102,1210.8436,11.2916,3.7286e-05,0.0014501,0.0002
14820,OBJECT_14820,81102,OBJECT_81102,4322.866,5.6402,3.1372000000000004e-05,0.0014501,0.0001
81102,OBJECT_81102,33825,OBJECT_33825,439.0804,14.2339,0.0014501,0.0006364,0.0002
81102,OBJECT_81102,37132,OBJECT_37132,4164.8542,5.2933,0.0014501,0.00039879,0.0001
19574,OBJECT_19574,81102,OBJECT_81102,503.5004,14.593,3.0939e-05,0.0014501,0.0001
16882,OBJECT_16882,81102,OBJECT_81102,1118.7315,12.6614,3.8179e-05,0.0014501,0.0002
81102,OBJECT_81102,31531,OBJECT_31531,529.8589,14.8125,0.0014501,0.00020503,0.0002
81102,OBJECT_81102,35979,OBJECT_35979,4924.9287,3.3132,0.0014501,0.00043761,0.0
81102,OBJECT_81102,36657,OBJECT_36657,786.1163,7.7444,0.0014501,0.00028877000000000004,0.0002
81102,OBJECT_81102,31903,OBJECT_31903,305.6471,15.7689,0.0014501,0.00041115000000000005,0.0002
81102,OBJECT_81102,33663,OBJECT_33663,842.1997,15.7155,0.0014501,0.0037446000000000003,0.0002
81102,OBJECT_81102,34823,OBJECT_34823,1200.8965,12.0509,0.0014501,0.0001949,0.0001
81102,OBJECT_81102,35915,OBJECT_35915,916.7432,14.0768,0.0014501,0.00075501,0.0002
18749,OBJECT_18749,81102,OBJECT_81102,2560.3464,8.5079,3.7467e-05,0.0014501,0.0002
81102,OBJECT_81102,34115,OBJECT_34115,4920.826,3.3514,0.0014501,0.00058502,0.0
81102,OBJECT_81102,31444,OBJECT_31444,253.574,13.298,0.0014501,0.0012439,0.0002
81102,OBJECT_81102,31879,OBJECT_31879,2543.2859,10.0328,0.0014501,0.0003121,0.0002
81102,OBJECT_81102,34976,OBJECT_34976,183.0061,8.7874,0.0014501,0.0007055700000000001,0.0002
81102,OBJECT_81102,37595,OBJECT_37595,1680.1958,7.2205,0.0014501,0.0036804,0.0002
17912,OBJECT_17912,81102,OBJECT_81102,5351.4878,9.8117,3.5381000000000006e-05,0.0014501,0.0002
81102,OBJECT_81102,35290,OBJECT_35290,2476.898,13.6072,0.0014501,0.0010701,0.0002
81102,OBJECT_81102,30596,OBJECT_30596,1796.1134,14.8722,0.0014501,0.00011182000000000001,0.0001
81102,OBJECT_81102,30521,OBJECT_30521,570.446,10.0538,0.0014501,0.0005028599999999999,0.0002
81102,OBJECT_81102,31779,OBJECT_31779,338.3493,11.3696,0.0014501,0.00012581999999999998,0.0001
81102,OBJECT_81102,35234,OBJECT_35234,347.6551,15.58,0.0014501,0.00066545,0.0002
81102,OBJECT_81102,31165,OBJECT_31165,2215.2501,14.9394,0.0014501,0.00073711,0.0002
81102,OBJECT_81102,29836,OBJECT_29836,762.5651,14.1256,0.0014501,0.00041524,0.0002
81102,OBJECT_81102,85023,OBJECT_85023,1628.9606,14.8791,0.0014501,0.0033734,0.0002
81102,OBJECT_81102,30619,OBJECT_30619,1102.3064,15.7772,0.0014501,0.00025508,0.0002
81102,OBJECT_81102,33836,OBJECT_33836,1318.6951,3.8788,0.0014501,0.00068853,0.0001
81102,OBJECT_81102,37018,OBJECT_37018,1214.3921,6.2909,0.0014501,0.0011597,0.0002
81102,OBJECT_81102,36218,OBJECT_36218,1054.8866,6.8075,0.0014501,0.0005601800000000001,0.0002
81102,OBJECT_81102,30036,OBJECT_30036,721.9477,15.6417,0.0014501,0.00026447,0.0002
81102,OBJECT_81102,37707,OBJECT_37707,1236.9398,14.3343,0.0014501,0.00030031999999999997,0.0002
81102,OBJECT_81102,30481,OBJECT_30481,685.9804,15.3548,0.0014501,0.00019987,0.0001
81102,OBJECT_81102,31356,OBJECT_31356,2290.9345,11.1698,0.0014501,0.0014086,0.0002
81102,OBJECT_81102,87706,OBJECT_87706,4380.6875,7.8083,0.0014501,0.00045814,0.0002
81102,OBJECT_81102,33830,OBJECT_33830,937.804,3.2854,0.0014501,0.00050052,0.0
81102,OBJECT_81102,31966,OBJECT_31966,3959.8222,9.3534,0.0014501,0.00072615,0.0002
81102,OBJECT_81102,31297,OBJECT_31297,502.0849,10.0997,0.0014501,0.00018181,0.0001
81102,OBJECT_81102,31625,OBJECT_31625,564.8301,13.3459,0.0014501,7.7812e-05,0.0001
81102,OBJECT_81102,89005,OBJECT_89005,1800.8905,8.9267,0.0014501,0.00025965,0.0002
81102,OBJECT_81102,29926,OBJECT_29926,1011.507,13.7404,0.0014501,0.00013448,0.0001
20466,OBJECT_20466,81102,OBJECT_81102,1020.4476,4.6395,3.0591000000000006e-05,0.0014501,0.0001
81102,OBJECT_81102,31541,OBJECT_31541,1117.6084,9.0413,0.0014501,0.00070466,0.0002
81102,OBJECT_81102,34070,OBJECT_34070,1364.0169,12.4182,0.0014501,0.0014996999999999999,0.0002
81102,OBJECT_81102,34574,OBJECT_34574,487.6032,14.0433,0.0014501,0.00051761,0.0002
25977,OBJECT_25977,81102,OBJECT_81102,4983.5795,10.6045,0.00012231,0.0014501,0.0003
81102,OBJECT_81102,32340,OBJECT_32340,868.9401,15.6851,0.0014501,0.00136,0.0002
81102,OBJECT_81102,35147,OBJECT_35147,3544.9657,13.7794,0.0014501,0.0022007,0.0002
81102,OBJECT_81102,35435,OBJECT_35435,1416.135,12.2683,0.0014501,0.00080072,0.0002
81102,OBJECT_81102,31252,OBJECT_31252,1008.1927,15.4307,0.0014501,0.00025294,0.0002
81102,OBJECT_81102,30721,OBJECT_30721,350.9647,10.2495,0.0014501,0.0020605000000000003,0.0002
81102,OBJECT_81102,31744,OBJECT_31744,1340.0327,12.6118,0.0014501,0.00089656,0.0002
81102,OBJECT_81102,38486,OBJECT_38486,449.12,5.3872,0.0014501,0.0017458000000000003,0.0002
81102,OBJECT_81102,31773,OBJECT_31773,339.0525,15.6878,0.0014501,0.0014895,0.0002
81102,OBJECT_81102,29934,OBJECT_29934,1136.0251,14.4679,0.0014501,0.00060383,0.0002
81102,OBJECT_81102,29927,OBJECT_29927,1756.6336,14.5534,0.0014501,0.0018715000000000001,0.0002
81102,OBJECT_81102,34129,OBJECT_34129,637.6663,11.6495,0.0014501,0.00081559,0.0002
81102,OBJECT_81102,32169,OBJECT_32169,1360.6649,7.1847,0.0014501,0.0028815000000000004,0.0002
81102,OBJECT_81102,35456,OBJECT_35456,2140.562,12.5107,0.0014501,0.0015259000000000002,0.0002
81102,OBJECT_81102,34556,OBJECT_34556,786.4492,11.8538,0.0014501,0.001448,0.0002
81102,OBJECT_81102,33884,OBJECT_33884,2714.2192,14.7216,0.0014501,0.00087896,0.0002
81102,OBJECT_81102,35194,OBJECT_35194,131.2971,13.3618,0.0014501,0.00035552,0.0002
81102,OBJECT_81102,30087,OBJECT_30087,653.6751,15.8078,0.0014501,0.00023596,0.0002
81102,OBJECT_81102,34303,OBJECT_34303,234.2734,8.5183,0.0014501,0.0006408700000000001,0.0002
81102,OBJECT_81102,30569,OBJECT_30569,1123.957,9.5297,0.0014501,0.0024657000000000004,0.0002
81102,OBJECT_81102,87164,OBJECT_87164,1627.1706,12.5267,0.0014501,0.00040677000000000004,0.0002
81102,OBJECT_81102,81371,OBJECT_81371,2223.7623,13.2439,0.0014501,0.00022148000000000003,0.0002
81102,OBJECT_81102,31435,OBJECT_31435,575.1389,7.3512,0.0014501,0.00012001000000000001,0.0001
81102,OBJECT_81102,81624,OBJECT_81624,3269.208,10.7636,0.0014501,0.00044957000000000005,0.0002
81102,OBJECT_81102,30599,OBJECT_30599,782.5275,15.4183,0.0014501,0.0004599,0.0002
81102,OBJECT_81102,38494,OBJECT_38494,2325.9636,11.3974,0.0014501,0.0020729,0.0002
81102,OBJECT_81102,84932,OBJECT_84932,9763.4718,14.4353,0.0014501,-0.0036360999999999997,0.0001
81102,OBJECT_81102,30043,OBJECT_30043,850.4707,13.7058,0.0014501,0.00073119,0.0002
81102,OBJECT_81102,37927,OBJECT_37927,688.6752,9.1494,0.0014501,0.0024411,0.0002
81102,OBJECT_81102,35850,OBJECT_35850,480.4846,14.1521,0.0014501,0.0010637,0.0002
81102,OBJECT_81102,33698,OBJECT_33698,635.1967,15.1644,0.0014501,0.00012883,0.0001
81102,OBJECT_81102,35793,OBJECT_35793,2981.2408,15.0526,0.0014501,0.00098723,0.0002
81102,OBJECT_81102,30815,OBJECT_30815,5354.0522,5.875,0.0014501,0.0023156,0.0002
81102,OBJECT_81102,31175,OBJECT_31175,1546.4617,15.4074,0.0014501,0.0036351,0.0002
81102,OBJECT_81102,30553,OBJECT_30553,3982.6361,13.2408,0.0014501,0.0018812000000000002,0.0002
81102,OBJECT_81102,35848,OBJECT_35848,640.7423,14.948,0.0014501,0.00098957,0.0002
81102,OBJECT_81102,29842,OBJECT_29842,725.0032,13.628,0.0014501,0.00088387,0.0002
81102,OBJECT_81102,81311,OBJECT_81311,1087.4063,14.4748,0.0014501,9.6688e-05,0.0001
81102,OBJECT_81102,36045,OBJECT_36045,1429.824,13.7041,0.0014501,0.0011691,0.0002
81102,OBJECT_81102,35705,OBJECT_35705,336.4329,10.5156,0.0014501,0.0023799000000000003,0.0002
21423,OBJECT_21423,81102,OBJECT_81102,392.1457,6.2138,3.2724e-05,0.0014501,0.0001
81102,OBJECT_81102,35764,OBJECT_35764,3787.7643,12.6991,0.0014501,0.00093077,0.0002
81102,OBJECT_81102,37118,OBJECT_37118,2387.9303,13.9438,0.0014501,0.00079913,0.0002
81102,OBJECT_81102,38799,OBJECT_38799,1255.5881,13.6647,0.0014501,0.00043266,0.0002
81102,OBJECT_81102,31724,OBJECT_31724,891.2886,14.6761,0.0014501,0.0018242,0.0002
81102,OBJECT_81102,37089,OBJECT_37089,1498.1324,9.3824,0.0014501,0.0012542,0.0002
81102,OBJECT_81102,30843,OBJECT_30843,1143.5014,14.4462,0.0014501,0.00011266,0.0001
81102,OBJECT_81102,31475,OBJECT_31475,1719.0038,8.2948,0.0014501,0.00043274000000000003,0.0002
81102,OBJECT_81102,30944,OBJECT_30944,1017.6266,14.0443,0.0014501,9.6048e-05,0.0001
81102,OBJECT_81102,35140,OBJECT_35140,1896.1479,13.8853,0.0014501,9.365500000000001e-05,0.0001
81102,OBJECT_81102,34619,OBJECT_34619,548.731,4.6828,0.0014501,0.00016026000000000001,0.0
6155,OBJECT_06155,81102,OBJECT_81102,1216.3573,4.8983,0.0001004,0.0014501,0.0001
81102,OBJECT_81102,31892,OBJECT_31892,1980.2757,7.9572,0.0014501,0.00014099000000000002,0.0001
81102,OBJECT_81102,31558,OBJECT_31558,1048.6631,8.0626,0.0014501,0.00010218000000000001,0.0001
81102,OBJECT_81102,34122,OBJECT_34122,923.3176,11.6276,0.0014501,0.0009427,0.0002
20511,OBJECT_20511,81102,OBJECT_81102,536.8922,5.9577,3.1296e-05,0.0014501,0.0001
81102,OBJECT_81102,37988,OBJECT_37988,2066.5515,14.5336,0.0014501,0.00047613,0.0002
25861,OBJECT_25861,81102,OBJECT_81102,1518.9741,14.8379,5.528e-05,0.0014501,0.0001
81102,OBJECT_81102,35614,OBJECT_35614,379.6756,11.1893,0.0014501,0.00077912,0.0002
81102,OBJECT_81102,38169,OBJECT_38169,664.6833,15.363,0.0014501,0.00085784,0.0002
81102,OBJECT_81102,35440,OBJECT_35440,1676.6444,4.6664,0.0014501,0.00029932,0.0001
81102,OBJECT_81102,36211,OBJECT_36211,820.5005,14.3035,0.0014501,0.00013814,0.0001
81102,OBJECT_81102,89146,OBJECT_89146,1223.8533,10.5488,0.0014501,0.00067119,0.0002
81102,OBJECT_81102,34870,OBJECT_34870,2001.6498,11.9571,0.0014501,0.0010213,0.0002
81102,OBJECT_81102,82073,OBJECT_82073,1028.2669,14.5061,0.0014501,0.00035061,0.0002
81102,OBJECT_81102,31046,OBJECT_31046,459.2522,10.8821,0.0014501,0.0035303,0.0002
81102,OBJECT_81102,39109,OBJECT_39109,2742.4843,3.6854,0.0014501,0.00032230999999999997,0.0
81102,OBJECT_81102,35476,OBJECT_35476,909.159,13.7478,0.0014501,0.00093299,0.0002
81102,OBJECT_81102,31466,OBJECT_31466,1256.4795,10.6286,0.0014501,8.642e-05,0.0001
81102,OBJECT_81102,34972,OBJECT_34972,466.4134,14.0722,0.0014501,0.00082444,0.0002
81102,OBJECT_81102,31463,OBJECT_31463,1356.5953,15.012,0.0014501,0.00035115000000000005,0.0002
81102,OBJECT_81102,34014,OBJECT_34014,3180.8401,6.2324,0.0014501,0.00051103,0.0002
81102,OBJECT_81102,82043,OBJECT_82043,1516.7545,12.2929,0.0014501,0.0002566,0.0002
81102,OBJECT_81102,35829,OBJECT_35829,1500.2036,12.7211,0.0014501,0.0011266,0.0002
81102,OBJECT_81102,35180,OBJECT_35180,1667.566,9.4228,0.0014501,0.0019035,0.0002
81102,OBJECT_81102,30999,OBJECT_30999,329.4917,7.093,0.0014501,0.00029182000000000004,0.0002
81102,OBJECT_81102,31468,OBJECT_31468,1399.364,14.769,0.0014501,0.00016292000000000002,0.0001
81102,OBJECT_81102,85217,OBJECT_85217,779.3425,14.3323,0.0014501,0.00039978999999999997,0.0002
81102,OBJECT_81102,31419,OBJECT_31419,4289.1811,8.9736,0.0014501,0.0010339,0.0002
81102,OBJECT_81102,33862,OBJECT_33862,634.844,14.3615,0.0014501,0.00028796,0.0002
81102,OBJECT_81102,47119,OBJECT_47119,1104.3141,8.9043,0.0014501,0.0018747,0.0002
81102,OBJECT_81102,35809,OBJECT_35809,2425.2855,13.9064,0.0014501,0.0005930299999999999,0.0002
81102,OBJECT_81102,34540,OBJECT_34540,327.9037,11.6014,0.0014501,0.0011598000000000001,0.0002
81102,OBJECT_81102,47048,OBJECT_47048,509.5269,11.3979,0.0014501,0.00049905,0.0002
81102,OBJECT_81102,35611,OBJECT_35611,1321.6952,7.3579,0.0014501,0.0015651,0.0002
81102,OBJECT_81102,31384,OBJECT_31384,161.9897,11.605,0.0014501,0.0017666000000000001,0.0002
81102,OBJECT_81102,36390,OBJECT_36390,3077.385,10.7179,0.0014501,0.00057414,0.0002
41038,OBJECT_41038,81102,OBJECT_81102,1907.4688,15.1769,4.4589e-05,0.0014501,0.0001
81102,OBJECT_81102,34482,OBJECT_34482,4476.59,5.3871,0.0014501,0.0012288000000000002,0.0002
81102,OBJECT_81102,46435,OBJECT_46435,401.9619,5.2697,0.0014501,0.00057444,0.0001
81102,OBJECT_81102,34953,OBJECT_34953,1760.1846,14.0023,0.0014501,0.00045660000000000004,0.0002
81102,OBJECT_81102,33839,OBJECT_33839,1501.6457,4.5907,0.0014501,0.00016334000000000002,0.0
81102,OBJECT_81102,82698,OBJECT_82698,4371.2556,10.597,0.0014501,0.0013464000000000002,0.0002
81102,OBJECT_81102,30452,OBJECT_30452,525.1743,8.6943,0.0014501,0.0024098,0.0002
81102,OBJECT_81102,33911,OBJECT_33911,548.1767,9.0463,0.0014501,0.0012383,0.0002
81102,OBJECT_81102,35711,OBJECT_35711,1626.8172,4.5063,0.0014501,0.00010276000000000001,0.0
81102,OBJECT_81102,30070,OBJECT_30070,908.5213,14.8509,0.0014501,0.00048673,0.0002
81102,OBJECT_81102,35020,OBJECT_35020,515.3816,4.6225,0.0014501,0.00012495,0.0
81102,OBJECT_81102,31329,OBJECT_31329,1188.8018,15.5083,0.0014501,0.0008698900000000001,0.0002
81102,OBJECT_81102,31550,OBJECT_31550,1022.5749,14.6477,0.0014501,0.00025879,0.0002
81102,OBJECT_81102,35668,OBJECT_35668,2598.4525,3.5346,0.0014501,0.00016644,0.0
81102,OBJECT_81102,30291,OBJECT_30291,2402.1967,6.037,0.0014501,0.0012312,0.0002
81102,OBJECT_81102,38157,OBJECT_38157,419.9554,10.4361,0.0014501,0.00019892000000000003,0.0001
43641,OBJECT_43641,81102,OBJECT_81102,3211.4136,8.7552,5.2157e-05,0.0014501,0.0002
81102,OBJECT_81102,29972,OBJECT_29972,211.7053,15.5045,0.0014501,0.00057407,0.0002
81102,OBJECT_81102,33621,OBJECT_33621,3495.3814,7.717,0.0014501,0.00027017999999999996,0.0002
46265,OBJECT_46265,81102,OBJECT_81102,425.3663,8.163,6.3098e-06,0.0014501,0.0002
81102,OBJECT_81102,37044,OBJECT_37044,119.5045,13.8142,0.0014501,0.0015802,0.0002
81102,OBJECT_81102,35759,OBJECT_35759,1929.8551,3.6789,0.0014501,8.8486e-05,0.0
81102,OBJECT_81102,35014,OBJECT_35014,1955.3522,13.9395,0.0014501,0.0006781399999999999,0.0002
81102,OBJECT_81102,35167,OBJECT_35167,2068.3692,14.6737,0.0014501,0.00021012,0.0002
81102,OBJECT_81102,34728,OBJECT_34728,3600.6341,6.2996,0.0014501,0.00034260000000000003,0.0002
81102,OBJECT_81102,36490,OBJECT_36490,2719.3035,14.7151,0.0014501,0.00095684,0.0002
81102,OBJECT_81102,30523,OBJECT_30523,247.9263,13.6887,0.0014501,0.00017773,0.0001
81102,OBJECT_81102,34396,OBJECT_34396,3558.7891,12.9347,0.0014501,0.0010943,0.0002
81102,OBJECT_81102,40239,OBJECT_40239,1379.457,6.6928,0.0014501,8.555e-05,0.0001
81102,OBJECT_81102,31817,OBJECT_31817,468.7875,15.6646,0.0014501,0.0008489,0.0002
81102,OBJECT_81102,30539,OBJECT_30539,1558.9074,15.0772,0.0014501,0.00022431000000000003,0.0002
81102,OBJECT_81102,30206,OBJECT_30206,435.7521,14.9117,0.0014501,0.00030608,0.0002
81102,OBJECT_81102,36369,OBJECT_36369,1954.1153,12.9933,0.0014501,0.0007498200000000001,0.0002
81102,OBJECT_81102,32128,OBJECT_32128,547.5936,15.0273,0.0014501,0.00031122,0.0002
81102,OBJECT_81102,35229,OBJECT_35229,514.1913,13.9076,0.0014501,0.0037559,0.0002
81102,OBJECT_81102,34547,OBJECT_34547,2231.8898,11.9952,0.0014501,0.00090509,0.0002
81102,OBJECT_81102,31069,OBJECT_31069,529.5137,7.7962,0.0014501,0.00037377,0.0002
23343,OBJECT_23343,81102,OBJECT_81102,354.252,15.6802,5.1125e-05,0.0014501,0.0001
81102,OBJECT_81102,31381,OBJECT_31381,838.9709,14.2072,0.0014501,0.00016602,0.0001
81102,OBJECT_81102,35836,OBJECT_35836,591.0398,7.9452,0.0014501,0.0012745999999999999,0.0002
81102,OBJECT_81102,34626,OBJECT_34626,2881.4233,11.3914,0.0014501,0.00054733,0.0002
81102,OBJECT_81102,38827,OBJECT_38827,558.3274,15.5137,0.0014501,0.00037913000000000004,0.0002
81102,OBJECT_81102,30167,OBJECT_30167,180.9482,13.6236,0.0014501,0.00036322,0.0002
81102,OBJECT_81102,33676,OBJECT_33676,876.5678,15.6862,0.0014501,8.9072e-05,0.0001
81102,OBJECT_81102,30628,OBJECT_30628,454.8641,12.3658,0.0014501,0.001716,0.0002
25860,OBJECT_25860,81102,OBJECT_81102,1898.5308,14.222,6.488300000000001e-05,0.0014501,0.0002
81102,OBJECT_81102,31353,OBJECT_31353,2116.8156,11.3673,0.0014501,0.00040344999999999997,0.0002
81102,OBJECT_81102,29888,OBJECT_29888,453.7502,6.7684,0.0014501,0.00023407000000000001,0.0002
81102,OBJECT_81102,34560,OBJECT_34560,695.9124,10.5936,0.0014501,0.0012604,0.0002
81102,OBJECT_81102,30600,OBJECT_30600,855.3678,9.7299,0.0014501,0.0011198,0.0002
81102,OBJECT_81102,34271,OBJECT_34271,919.5247,5.5483,0.0014501,0.0010952000000000002,0.0002
81102,OBJECT_81102,30088,OBJECT_30088,743.1552,13.6877,0.0014501,0.0001346,0.0001
81102,OBJECT_81102,29835,OBJECT_29835,691.8089,10.9147,0.0014501,4.9537e-05,0.0001
81102,OBJECT_81102,31813,OBJECT_31813,263.6285,13.1749,0.0014501,0.00023108999999999998,0.0002
81102,OBJECT_81102,35716,OBJECT_35716,591.9721,4.985,0.0014501,7.194100000000001e-05,0.0
81102,OBJECT_81102,33992,OBJECT_33992,2506.0243,12.1989,0.0014501,0.00046009,0.0002
81102,OBJECT_81102,30008,OBJECT_30008,1017.1838,15.0196,0.0014501,0.001261,0.0002
81102,OBJECT_81102,34882,OBJECT_34882,1978.9505,4.8485,0.0014501,0.00010144,0.0
81102,OBJECT_81102,31555,OBJECT_31555,1450.9196,13.4965,0.0014501,0.00070621,0.0002
81102,OBJECT_81102,35195,OBJECT_35195,1715.2909,12.6048,0.0014501,0.00043369000000000003,0.0002
81102,OBJECT_81102,30895,OBJECT_30895,1438.9485,14.7633,0.0014501,0.00025284,0.0002
81102,OBJECT_81102,87304,OBJECT_87304,320.0468,10.2883,0.0014501,0.00017626,0.0001
39766,OBJECT_39766,81102,OBJECT_81102,2821.7275,13.2573,0.00010011,0.0014501,0.0003
81102,OBJECT_81102,31036,OBJECT_31036,764.3877,12.3954,0.0014501,0.00016605,0.0001
81102,OBJECT_81102,30492,OBJECT_30492,2128.7589,12.1673,0.0014501,0.0034053,0.0002
81102,OBJECT_81102,31917,OBJECT_31917,798.1025,14.2706,0.0014501,0.00013474,0.0001
81102,OBJECT_81102,31180,OBJECT_31180,276.1128,12.501,0.0014501,0.00026109,0.0002
81102,OBJECT_81102,32109,OBJECT_32109,2316.1377,7.5494,0.0014501,0.00021559000000000001,0.0002
81102,OBJECT_81102,31823,OBJECT_31823,1425.1036,12.5082,0.0014501,0.001665,0.0002
81102,OBJECT_81102,30967,OBJECT_30967,474.7028,12.7502,0.0014501,0.00034144000000000004,0.0002
81102,OBJECT_81102,31952,OBJECT_31952,2401.1955,12.0345,0.0014501,0.00032566,0.0002
81102,OBJECT_81102,36046,OBJECT_36046,1942.0215,6.3861,0.0014501,0.00019994999999999998,0.0001
81102,OBJECT_81102,30984,OBJECT_30984,73.0641,15.486,0.0014501,0.00040686,0.0002
81102,OBJECT_81102,35744,OBJECT_35744,3447.2741,13.6906,0.0014501,0.00082673,0.0002
81102,OBJECT_81102,34926,OBJECT_34926,1394.3154,14.7639,0.0014501,0.0014686,0.0002
81102,OBJECT_81102,33779,OBJECT_33779,2402.9397,8.7105,0.0014501,0.0005531399999999999,0.0002
81102,OBJECT_81102,35475,OBJECT_35475,488.6096,8.3235,0.0014501,0.0012195,0.0002
81102,OBJECT_81102,29988,OBJECT_29988,475.5847,12.9562,0.0014501,0.0008022000000000001,0.0002
81102,OBJECT_81102,34968,OBJECT_34968,827.2716,4.5054,0.0014501,7.0075e-05,0.0
81102,OBJECT_81102,33785,OBJECT_33785,1800.8211,14.5249,0.0014501,0.00049387,0.0002
81102,OBJECT_81102,32134,OBJECT_32134,733.5216,14.8805,0.0014501,0.00025684000000000004,0.0002
877,OBJECT_00877,81102,OBJECT_81102,1650.1925,11.1906,4.1812e-05,0.0014501,0.0002
81102,OBJECT_81102,36437,OBJECT_36437,725.5959,14.1535,0.0014501,0.00040788,0.0002
81102,OBJECT_81102,30755,OBJECT_30755,544.9261,14.5071,0.0014501,0.00022963,0.0002
81102,OBJECT_81102,36269,OBJECT_36269,2410.3312,12.7101,0.0014501,0.00031008,0.0002
81102,OBJECT_81102,31557,OBJECT_31557,809.8216,13.8299,0.0014501,0.00013166,0.0001
81102,OBJECT_81102,35061,OBJECT_35061,1985.4158,9.2919,0.0014501,0.00038995,0.0002
81102,OBJECT_81102,31559,OBJECT_31559,2455.717,13.6808,0.0014501,0.0007039,0.0002
81102,OBJECT_81102,34611,OBJECT_34611,1009.0612,12.26,0.0014501,0.0008912900000000001,0.0002
81102,OBJECT_81102,31507,OBJECT_31507,233.8093,15.6901,0.0014501,0.00032193,0.0002
81102,OBJECT_81102,30294,OBJECT_30294,611.7724,14.1688,0.0014501,0.00015590000000000002,0.0001
81102,OBJECT_81102,35982,OBJECT_35982,820.4599,12.9942,0.0014501,0.00024686,0.0002
81102,OBJECT_81102,31192,OBJECT_31192,844.8005,13.9398,0.0014501,0.00026273999999999997,0.0002
81102,OBJECT_81102,34635,OBJECT_34635,1559.2593,13.645,0.0014501,0.00052496,0.0002
81102,OBJECT_81102,34911,OBJECT_34911,1884.9113,5.3401,0.0014501,6.3005e-05,0.0
81102,OBJECT_81102,38060,OBJECT_38060,1774.5423,8.4278,0.0014501,0.00023608000000000003,0.0002
81102,OBJECT_81102,30221,OBJECT_30221,1135.0522,13.7937,0.0014501,0.00011237,0.0001
81102,OBJECT_81102,30624,OBJECT_30624,1218.5681,13.1533,0.0014501,0.0031698,0.0002
81102,OBJECT_81102,33982,OBJECT_33982,1822.2357,13.7137,0.0014501,0.00020198,0.0001
81102,OBJECT_81102,36371,OBJECT_36371,4434.373,10.6632,0.0014501,0.0016002,0.0002
81102,OBJECT_81102,34270,OBJECT_34270,2343.2984,9.5142,0.0014501,0.00048684,0.0002
81102,OBJECT_81102,30676,OBJECT_30676,2977.1884,10.3858,0.0014501,0.00061713,0.0002
81102,OBJECT_81102,38067,OBJECT_38067,695.4296,6.6728,0.0014501,0.00016988000000000002,0.0001
81102,OBJECT_81102,35091,OBJECT_35091,766.9738,12.9359,0.0014501,0.001774,0.0002
81102,OBJECT_81102,30123,OBJECT_30123,1421.3103,6.5532,0.0014501,0.00088453,0.0002
81102,OBJECT_81102,31389,OBJECT_31389,3334.4467,7.9387,0.0014501,0.0027052,0.0002
81102,OBJECT_81102,30067,OBJECT_30067,1645.3143,7.8536,0.0014501,0.00025559,0.0002
81102,OBJECT_81102,37101,OBJECT_37101,1155.1517,12.4124,0.0014501,0.00033492,0.0002
81102,OBJECT_81102,29767,OBJECT_29767,1265.8853,11.5202,0.0014501,0.0013747000000000002,0.0002
81102,OBJECT_81102,36497,OBJECT_36497,2598.6793,5.7794,0.0014501,0.00069384,0.0002
81102,OBJECT_81102,34343,OBJECT_34343,1481.2146,12.5184,0.0014501,0.0007753600000000001,0.0002
81102,OBJECT_81102,31955,OBJECT_31955,1186.7646,8.39,0.0014501,0.0011298999999999999,0.0002
81102,OBJECT_81102,35674,OBJECT_35674,1754.3925,11.2222,0.0014501,0.00066812,0.0002
81102,OBJECT_81102,30168,OBJECT_30168,531.606,14.9929,0.0014501,0.0010797,0.0002
81102,OBJECT_81102,34007,OBJECT_34007,453.5226,12.8256,0.0014501,0.00046911,0.0002
81102,OBJECT_81102,31905,OBJECT_31905,371.6579,14.8824,0.0014501,0.00043646,0.0002
81102,OBJECT_81102,37295,OBJECT_37295,344.7174,7.252,0.0014501,0.00033811999999999997,0.0002
81102,OBJECT_81102,31007,OBJECT_31007,379.4041,14.5176,0.0014501,0.0016663000000000001,0.0002
81102,OBJECT_81102,31484,OBJECT_31484,870.8618,14.798,0.0014501,0.0029620000000000002,0.0002
81102,OBJECT_81102,35786,OBJECT_35786,844.3271,14.3822,0.0014501,0.00046043,0.0002
81102,OBJECT_81102,33835,OBJECT_33835,1286.8895,12.3191,0.0014501,0.00039024999999999997,0.0002
81102,OBJECT_81102,31672,OBJECT_31672,632.9648,6.7053,0.0014501,0.0009258,0.0002
81102,OBJECT_81102,31807,OBJECT_31807,859.5996,10.2787,0.0014501,0.00041104000000000005,0.0002
81102,OBJECT_81102,30632,OBJECT_30632,655.2261,10.4831,0.0014501,0.0021834000000000003,0.0002
81102,OBJECT_81102,34883,OBJECT_34883,1555.7281,13.0802,0.0014501,0.0017461,0.0002
81102,OBJECT_81102,37531,OBJECT_37531,564.5251,5.6294,0.0014501,0.0014329,0.0002
81102,OBJECT_81102,37081,OBJECT_37081,904.482,10.3849,0.0014501,0.00094032,0.0002
81102,OBJECT_81102,29802,OBJECT_29802,857.5469,12.536,0.0014501,0.0018991,0.0002
81102,OBJECT_81102,31512,OBJECT_31512,1110.3753,8.2849,0.0014501,0.00028679,0.0002
81102,OBJECT_81102,34409,OBJECT_34409,3046.0716,11.046,0.0014501,0.00010221,0.0001
81102,OBJECT_81102,31497,OBJECT_31497,883.5886,14.0746,0.0014501,0.0001272,0.0001
81102,OBJECT_81102,38514,OBJECT_38514,746.6798,15.4484,0.0014501,0.0028344999999999998,0.0002
81102,OBJECT_81102,31376,OBJECT_31376,240.4438,10.7218,0.0014501,0.0010086000000000001,0.0002
81102,OBJECT_81102,30533,OBJECT_30533,1333.8522,11.1077,0.0014501,0.0019002,0.0002
81102,OBJECT_81102,47071,OBJECT_47071,1222.5922,5.8141,0.0014501,0.0035821,0.0002
81102,OBJECT_81102,29895,OBJECT_29895,1918.8601,11.9851,0.0014501,0.0006781399999999999,0.0002
81102,OBJECT_81102,36188,OBJECT_36188,635.4234,13.2217,0.0014501,0.0016533000000000001,0.0002
81102,OBJECT_81102,32357,OBJECT_32357,1000.7222,15.1623,0.0014501,0.00075,0.0002
81102,OBJECT_81102,30198,OBJECT_30198,1764.6587,11.611,0.0014501,0.0012554999999999999,0.0002
81102,OBJECT_81102,30531,OBJECT_30531,1163.6555,12.2577,0.0014501,0.0030304999999999998,0.0002
81102,OBJECT_81102,30763,OBJECT_30763,854.3544,13.6393,0.0014501,0.0029729,0.0002
81102,OBJECT_81102,31508,OBJECT_31508,712.2779,12.5617,0.0014501,0.001924,0.0002
81102,OBJECT_81102,37591,OBJECT_37591,2097.3922,12.4149,0.0014501,0.0031487,0.0002
81102,OBJECT_81102,41005,OBJECT_41005,2043.9225,14.8992,0.0014501,0.00069726,0.0002
81102,OBJECT_81102,35288,OBJECT_35288,889.6606,13.9721,0.0014501,0.00068602,0.0002
81102,OBJECT_81102,31001,OBJECT_31001,1293.3691,7.2576,0.0014501,0.00022556,0.0002
81102,OBJECT_81102,33899,OBJECT_33899,1268.6533,12.2848,0.0014501,0.00037238,0.0002
81102,OBJECT_81102,29933,OBJECT_29933,190.0675,12.439,0.0014501,0.0021199,0.0002
81102,OBJECT_81102,31808,OBJECT_31808,1425.7822,6.2592,0.0014501,0.0032973000000000004,0.0002
81102,OBJECT_81102,37326,OBJECT_37326,2669.4724,12.2791,0.0014501,0.00016178999999999998,0.0001
81102,OBJECT_81102,29892,OBJECT_29892,741.632,9.4234,0.0014501,0.0007596,0.0002
81102,OBJECT_81102,40235,OBJECT_40235,1523.956,12.6375,0.0014501,0.00047915,0.0002
81102,OBJECT_81102,31064,OBJECT_31064,1549.3177,14.2437,0.0014501,0.00022369,0.0002
81102,OBJECT_81102,35028,OBJECT_35028,468.8044,7.0108,0.0014501,4.4731e-05,0.0001
81102,OBJECT_81102,33730,OBJECT_33730,2118.9999,14.8505,0.0014501,0.0008973200000000001,0.0002
81102,OBJECT_81102,32162,OBJECT_32162,594.9731,14.0709,0.0014501,0.0011581,0.0002
81102,OBJECT_81102,33881,OBJECT_33881,959.4438,12.2358,0.0014501,0.0017374,0.0002
81102,OBJECT_81102,35718,OBJECT_35718,1315.1474,11.3234,0.0014501,0.0005491700000000001,0.0002
81102,OBJECT_81102,36247,OBJECT_36247,643.8894,15.287,0.0014501,0.00033378000000000005,0.0002
81102,OBJECT_81102,35160,OBJECT_35160,427.6205,11.7963,0.0014501,0.00019467,0.0001
81102,OBJECT_81102,36163,OBJECT_36163,2343.844,6.0692,0.0014501,0.0021637,0.0002
81102,OBJECT_81102,37967,OBJECT_37967,1476.2601,9.2444,0.0014501,0.0010948,0.0002
81102,OBJECT_81102,31146,OBJECT_31146,750.7222,10.9654,0.0014501,0.00021082999999999999,0.0002
81102,OBJECT_81102,36200,OBJECT_36200,178.0711,13.2111,0.0014501,0.0027083000000000003,0.0002
81102,OBJECT_81102,39777,OBJECT_39777,447.8194,7.6243,0.0014501,0.0010091,0.0002
81102,OBJECT_81102,31447,OBJECT_31447,774.1247,14.8466,0.0014501,8.3089e-05,0.0001
81102,OBJECT_81102,34857,OBJECT_34857,914.1416,11.5992,0.0014501,0.00045751,0.0002
81102,OBJECT_81102,34946,OBJECT_34946,1272.4499,12.6802,0.0014501,0.0003383,0.0002
81102,OBJECT_81102,35032,OBJECT_35032,1180.6424,13.9456,0.0014501,0.00054173,0.0002
81102,OBJECT_81102,34896,OBJECT_34896,624.2891,13.2288,0.0014501,0.00061016,0.0002
81102,OBJECT_81102,38135,OBJECT_38135,1393.1623,14.9301,0.0014501,0.00029989,0.0002
81102,OBJECT_81102,30301,OBJECT_30301,929.5022,9.6963,0.0014501,0.0027450000000000005,0.0002
81102,OBJECT_81102,31083,OBJECT_31083,276.5156,11.9397,0.0014501,0.0015884000000000002,0.0002
81102,OBJECT_81102,31148,OBJECT_31148,2258.0209,7.7491,0.0014501,0.0006183499999999999,0.0002
81102,OBJECT_81102,40792,OBJECT_40792,348.5312,13.9982,0.0014501,0.00047399000000000003,0.0002
81102,OBJECT_81102,30128,OBJECT_30128,1206.843,12.2807,0.0014501,0.002904,0.0002
81102,OBJECT_81102,46430,OBJECT_46430,983.6633,13.6547,0.0014501,0.0010656,0.0002
81102,OBJECT_81102,34477,OBJECT_34477,1383.7578,12.7199,0.0014501,0.00034250000000000003,0.0002
81102,OBJECT_81102,39585,OBJECT_39585,2976.0507,10.5177,0.0014501,0.00011241,0.0001
81102,OBJECT_81102,38173,OBJECT_38173,1036.3958,9.1392,0.0014501,0.00039368,0.0002
81102,OBJECT_81102,30193,OBJECT_30193,2171.5556,8.9952,0.0014501,0.00049207,0.0002
81102,OBJECT_81102,30248,OBJECT_30248,2426.8949,6.526,0.0014501,0.0023077,0.0002
81102,OBJECT_81102,34924,OBJECT_34924,1444.548,12.6138,0.0014501,0.00040441,0.0002
81102,OBJECT_81102,35773,OBJECT_35773,989.7509,12.544,0.0014501,0.0004077,0.0002
81102,OBJECT_81102,32181,OBJECT_32181,664.0658,11.2458,0.0014501,0.00057302,0.0002
81102,OBJECT_81102,31385,OBJECT_31385,991.5273,13.1996,0.0014501,7.801200000000001e-05,0.0001
81102,OBJECT_81102,35993,OBJECT_35993,1173.7884,11.7914,0.0014501,0.00051256,0.0002
81102,OBJECT_81102,32458,OBJECT_32458,1346.3693,14.4811,0.0014501,0.0009226,0.0002
81102,OBJECT_81102,33984,OBJECT_33984,3128.7415,13.1648,0.0014501,0.00055889,0.0002
81102,OBJECT_81102,35628,OBJECT_35628,662.0402,14.9308,0.0014501,0.00078854,0.0002
81102,OBJECT_81102,31615,OBJECT_31615,1141.7622,13.7952,0.0014501,0.001351,0.0002
81102,OBJECT_81102,35088,OBJECT_35088,849.405,14.1526,0.0014501,0.0022195,0.0002
81102,OBJECT_81102,30447,OBJECT_30447,1885.1777,6.8847,0.0014501,0.0013804,0.0002
81102,OBJECT_81102,47100,OBJECT_47100,1297.0886,7.3731,0.0014501,0.00086636,0.0002
81102,OBJECT_81102,34671,OBJECT_34671,2014.2084,11.2198,0.0014501,0.0011194,0.0002
81102,OBJECT_81102,35980,OBJECT_35980,2943.5767,12.1709,0.0014501,0.0008988199999999999,0.0002
81102,OBJECT_81102,40808,OBJECT_40808,1090.9574,9.6468,0.0014501,0.00098575,0.0002
81102,OBJECT_81102,35441,OBJECT_35441,1864.8003,9.7508,0.0014501,0.0011528,0.0002
81102,OBJECT_81102,31843,OBJECT_31843,7468.168,11.5478,0.0014501,0.0014365,0.0002
81102,OBJECT_81102,35455,OBJECT_35455,1478.5279,9.9207,0.0014501,0.00038197999999999997,0.0002
81102,OBJECT_81102,30374,OBJECT_30374,2013.3063,7.9963,0.0014501,0.0009186800000000001,0.0002
81102,OBJECT_81102,33826,OBJECT_33826,760.2867,13.509,0.0014501,0.0007852,0.0002
81102,OBJECT_81102,30514,OBJECT_30514,449.0955,15.6609,0.0014501,0.00044945,0.0002
81102,OBJECT_81102,34784,OBJECT_34784,2345.0291,11.8617,0.0014501,0.00032313999999999997,0.0002
81102,OBJECT_81102,37330,OBJECT_37330,1680.0415,9.4215,0.0014501,0.00022150000000000002,0.0002
81102,OBJECT_81102,34637,OBJECT_34637,766.1414,12.0019,0.0014501,0.00044379,0.0002
81102,OBJECT_81102,30814,OBJECT_30814,447.8817,15.3167,0.0014501,0.0014259,0.0002
81102,OBJECT_81102,33860,OBJECT_33860,1467.7099,15.2846,0.0014501,0.00063742,0.0002
81102,OBJECT_81102,33797,OBJECT_33797,292.8115,14.2084,0.0014501,0.00021755,0.0002
81102,OBJECT_81102,37019,OBJECT_37019,1011.6768,14.1982,0.0014501,0.00022700000000000002,0.0002
81102,OBJECT_81102,87650,OBJECT_87650,1079.2622,6.7715,0.0014501,0.0014195,0.0002
81102,OBJECT_81102,35890,OBJECT_35890,2244.0337,5.2469,0.0014501,0.00091267,0.0001
81102,OBJECT_81102,30445,OBJECT_30445,568.494,13.1541,0.0014501,0.00041912,0.0002
81102,OBJECT_81102,30037,OBJECT_30037,791.8317,13.5999,0.0014501,0.00017439,0.0001
81102,OBJECT_81102,32419,OBJECT_32419,2217.0676,7.7622,0.0014501,0.00025096,0.0002
81102,OBJECT_81102,32230,OBJECT_32230,506.3077,9.0668,0.0014501,0.0016161,0.0002
81102,OBJECT_81102,31256,OBJECT_31256,549.5378,7.1475,0.0014501,0.0017416999999999999,0.0002
81102,OBJECT_81102,34376,OBJECT_34376,352.2868,14.9979,0.0014501,0.0010195,0.0002
81102,OBJECT_81102,35026,OBJECT_35026,1724.5359,11.7642,0.0014501,4.004e-05,0.0001
81102,OBJECT_81102,30515,OBJECT_30515,1054.0874,6.629,0.0014501,0.00059283,0.0002
81102,OBJECT_81102,35724,OBJECT_35724,3044.5533,10.6813,0.0014501,0.00016782,0.0001
81102,OBJECT_81102,29809,OBJECT_29809,698.4937,13.8981,0.0014501,0.00017709,0.0001
81102,OBJECT_81102,47067,OBJECT_47067,2338.4095,7.3507,0.0014501,0.0041627999999999995,0.0002
81102,OBJECT_81102,31072,OBJECT_31072,423.4461,15.6328,0.0014501,0.00047194,0.0002
81102,OBJECT_81102,35022,OBJECT_35022,887.5966,11.246,0.0014501,0.00033778000000000004,0.0002
81102,OBJECT_81102,34274,OBJECT_34274,1091.0754,13.1489,0.0014501,0.00051232,0.0002
81102,OBJECT_81102,37959,OBJECT_37959,1682.4102,13.0894,0.0014501,0.00030162,0.0002
81102,OBJECT_81102,33805,OBJECT_33805,1556.7979,10.5474,0.0014501,0.00019951,0.0001
81102,OBJECT_81102,30229,OBJECT_30229,1405.3012,14.535,0.0014501,0.0009600300000000001,0.0002
81102,OBJECT_81102,30279,OBJECT_30279,1613.9494,12.0463,0.0014501,0.00055934,0.0002
81102,OBJECT_81102,82432,OBJECT_82432,657.0043,12.7581,0.0014501,0.0002648,0.0002
81102,OBJECT_81102,35446,OBJECT_35446,612.4577,11.3957,0.0014501,6.4478e-05,0.0001
81102,OBJECT_81102,34750,OBJECT_34750,1246.1501,4.345,0.0014501,0.00059021,0.0001
81102,OBJECT_81102,31752,OBJECT_31752,1133.3978,13.5097,0.0014501,0.00030179,0.0002
81102,OBJECT_81102,31282,OBJECT_31282,491.9111,11.1084,0.0014501,6.693e-05,0.0001
81102,OBJECT_81102,31841,OBJECT_31841,2716.1813,10.2895,0.0014501,0.0007671700000000001,0.0002
81102,OBJECT_81102,30044,OBJECT_30044,908.0834,8.9122,0.0014501,0.0012194,0.0002
81102,OBJECT_81102,34971,OBJECT_34971,1104.4884,8.4811,0.0014501,0.00013504,0.0001
81102,OBJECT_81102,37021,OBJECT_37021,997.3114,15.2632,0.0014501,0.00036404,0.0002
81102,OBJECT_81102,34796,OBJECT_34796,1752.3379,4.6399,0.0014501,0.00036898,0.0001
81102,OBJECT_81102,36678,OBJECT_36678,420.662,13.6696,0.0014501,0.00020819,0.0002
81102,OBJECT_81102,34683,OBJECT_34683,1175.1829,12.3681,0.0014501,0.00059289,0.0002
81102,OBJECT_81102,32152,OBJECT_32152,675.9858,8.5961,0.0014501,0.0005263,0.0002
81102,OBJECT_81102,34139,OBJECT_34139,662.3297,5.034,0.0014501,0.00088411,0.0001
81102,OBJECT_81102,37550,OBJECT_37550,269.4307,14.99,0.0014501,0.00063604,0.0002
81102,OBJECT_81102,32212,OBJECT_32212,1940.7154,12.0755,0.0014501,0.00031247999999999996,0.0002
81102,OBJECT_81102,35620,OBJECT_35620,1581.8769,5.7193,0.0014501,0.0020165,0.0002
81102,OBJECT_81102,38017,OBJECT_38017,1133.1283,7.2801,0.0014501,0.0025864,0.0002
81102,OBJECT_81102,32218,OBJECT_32218,457.7299,6.7607,0.0014501,0.00060965,0.0002
81102,OBJECT_81102,31171,OBJECT_31171,1333.5017,13.4453,0.0014501,0.0018422,0.0002
81102,OBJECT_81102,35207,OBJECT_35207,902.2465,13.2895,0.0014501,0.0014451,0.0002
81102,OBJECT_81102,46986,OBJECT_46986,486.6391,15.5575,0.0014501,0.00017224000000000002,0.0001
81102,OBJECT_81102,30856,OBJECT_30856,2077.8809,8.4407,0.0014501,0.0032851000000000004,0.0002
81102,OBJECT_81102,31741,OBJECT_31741,1034.3026,10.7721,0.0014501,0.0004001,0.0002
81102,OBJECT_81102,31420,OBJECT_31420,841.5521,6.5594,0.0014501,0.0002443,0.0002
81102,OBJECT_81102,29843,OBJECT_29843,1819.0282,6.4724,0.0014501,0.00021232,0.0002
81102,OBJECT_81102,31208,OBJECT_31208,485.9691,8.4888,0.0014501,0.0014154,0.0002
81102,OBJECT_81102,37079,OBJECT_37079,713.4776,10.1488,0.0014501,0.00095067,0.0002
81102,OBJECT_81102,40233,OBJECT_40233,1695.8319,11.6199,0.0014501,0.0005118599999999999,0.0002
81102,OBJECT_81102,37969,OBJECT_37969,634.1028,9.8945,0.0014501,0.0017899,0.0002
81102,OBJECT_81102,34590,OBJECT_34590,699.8753,11.7923,0.0014501,8.2929e-05,0.0001
28931,OBJECT_28931,81102,OBJECT_81102,2765.5281,12.7316,0.00017204,0.0014501,0.0003
81102,OBJECT_81102,37593,OBJECT_37593,1594.5094,6.8988,0.0014501,0.00045446,0.0002
81102,OBJECT_81102,34819,OBJECT_34819,1309.6438,10.1996,0.0014501,0.00086205,0.0002
81102,OBJECT_81102,35663,OBJECT_35663,954.1678,10.9688,0.0014501,0.0006279,0.0002
81102,OBJECT_81102,41008,OBJECT_41008,5392.6197,8.3151,0.0014501,0.00040473,0.0002
81102,OBJECT_81102,30249,OBJECT_30249,445.6609,7.7028,0.0014501,0.0019045000000000002,0.0002
81102,OBJECT_81102,35105,OBJECT_35105,962.774,14.9497,0.0014501,0.00017863000000000002,0.0001
81102,OBJECT_81102,30480,OBJECT_30480,1443.9855,15.2541,0.0014501,0.00017813,0.0001
81102,OBJECT_81102,34077,OBJECT_34077,1275.4252,13.7704,0.0014501,0.0008949200000000001,0.0002
81102,OBJECT_81102,85246,OBJECT_85246,993.437,13.91,0.0014501,0.00030547999999999996,0.0002
81102,OBJECT_81102,36493,OBJECT_36493,372.4949,15.059,0.0014501,0.0007420700000000001,0.0002
81102,OBJECT_81102,34652,OBJECT_34652,1188.7525,14.0402,0.0014501,0.00051312,0.0002
81102,OBJECT_81102,31427,OBJECT_31427,229.0419,12.406,0.0014501,0.001698,0.0002
81102,OBJECT_81102,35888,OBJECT_35888,1720.5801,13.6654,0.0014501,0.00024911,0.0002
81102,OBJECT_81102,34114,OBJECT_34114,1265.0831,13.5755,0.0014501,0.0010372,0.0002
81102,OBJECT_81102,35144,OBJECT_35144,1889.2173,12.3941,0.0014501,0.0014233000000000002,0.0002
81102,OBJECT_81102,34726,OBJECT_34726,1675.7562,13.1801,0.0014501,0.00029105,0.0002
81102,OBJECT_81102,32132,OBJECT_32132,1168.2348,14.1628,0.0014501,0.00050266,0.0002
81102,OBJECT_81102,31416,OBJECT_31416,1173.6023,14.4084,0.0014501,0.0002052,0.0002
81102,OBJECT_81102,31285,OBJECT_31285,867.9551,13.7757,0.0014501,0.00010915999999999999,0.0001
81102,OBJECT_81102,31254,OBJECT_31254,561.9994,14.9064,0.0014501,0.00030874,0.0002
81102,OBJECT_81102,33900,OBJECT_33900,1451.8172,13.7541,0.0014501,0.00028618,0.0002
81102,OBJECT_81102,36058,OBJECT_36058,909.3312,14.4248,0.0014501,0.00022831000000000001,0.0002
81102,OBJECT_81102,34620,OBJECT_34620,1989.8039,2.9347,0.0014501,0.0015031,0.0
81102,OBJECT_81102,31964,OBJECT_31964,597.9252,11.3458,0.0014501,0.0013089999999999998,0.0002
81102,OBJECT_81102,29791,OBJECT_29791,294.5446,15.6657,0.0014501,0.0008998000000000001,0.0002
81102,OBJECT_81102,31367,OBJECT_31367,1299.078,7.8173,0.0014501,0.00034031,0.0002
81102,OBJECT_81102,34918,OBJECT_34918,1786.0388,10.5348,0.0014501,0.00051698,0.0002
81102,OBJECT_81102,31410,OBJECT_31410,641.6634,8.701,0.0014501,0.00047147,0.0002
81102,OBJECT_81102,30604,OBJECT_30604,316.1552,15.6761,0.0014501,0.00019049,0.0001
81102,OBJECT_81102,30719,OBJECT_30719,3630.6663,10.0633,0.0014501,0.0021415,0.0002
81102,OBJECT_81102,31763,OBJECT_31763,1130.3383,14.6758,0.0014501,0.00070945,0.0002
81102,OBJECT_81102,30821,OBJECT_30821,783.0328,9.5051,0.0014501,0.00051152,0.0002
81102,OBJECT_81102,81640,OBJECT_81640,541.1273,10.8032,0.0014501,0.00012975999999999998,0.0001
81102,OBJECT_81102,32177,OBJECT_32177,250.1188,15.6199,0.0014501,0.00048959,0.0002
81102,OBJECT_81102,34425,OBJECT_34425,752.0211,13.83,0.0014501,0.00021628,0.0002
81102,OBJECT_81102,36453,OBJECT_36453,1229.0771,8.3511,0.0014501,0.0006417899999999999,0.0002
81102,OBJECT_81102,30265,OBJECT_30265,320.7932,12.4832,0.0014501,0.0014199,0.0002
81102,OBJECT_81102,29844,OBJECT_29844,2727.7894,8.1925,0.0014501,0.00023273,0.0002
81102,OBJECT_81102,35883,OBJECT_35883,1639.1804,12.5165,0.0014501,0.00011412999999999999,0.0001
81102,OBJECT_81102,31255,OBJECT_31255,870.7128,7.7108,0.0014501,0.00011471,0.0001
81102,OBJECT_81102,36012,OBJECT_36012,2285.4032,12.4644,0.0014501,0.0010898,0.0002
81102,OBJECT_81102,34492,OBJECT_34492,802.088,14.2434,0.0014501,0.0018565,0.0002
81102,OBJECT_81102,30629,OBJECT_30629,455.1668,12.2623,0.0014501,0.0019717000000000003,0.0002
81102,OBJECT_81102,31418,OBJECT_31418,482.7648,10.8129,0.0014501,0.002641,0.0002
81102,OBJECT_81102,30388,OBJECT_30388,1141.1971,15.5603,0.0014501,0.00037322,0.0002
81102,OBJECT_81102,31919,OBJECT_31919,1081.7202,9.7264,0.0014501,0.00026144,0.0002
81102,OBJECT_81102,46974,OBJECT_46974,835.6832,11.8653,0.0014501,0.0013361,0.0002
81102,OBJECT_81102,30946,OBJECT_30946,1047.8308,11.8646,0.0014501,0.00046855000000000003,0.0002
81102,OBJECT_81102,32352,OBJECT_32352,2081.1586,10.7452,0.0014501,0.00012944,0.0001
81102,OBJECT_81102,33920,OBJECT_33920,381.557,9.4477,0.0014501,0.0010526,0.0002
81102,OBJECT_81102,31552,OBJECT_31552,1818.288,11.851,0.0014501,0.0016108000000000001,0.0002
81102,OBJECT_81102,33832,OBJECT_33832,1622.2807,4.5125,0.0014501,0.0007656,0.0001
81102,OBJECT_81102,37961,OBJECT_37961,1874.1748,9.9623,0.0014501,0.00057,0.0002
81102,OBJECT_81102,32197,OBJECT_32197,2596.2532,10.0393,0.0014501,0.00016961000000000002,0.0001
81102,OBJECT_81102,36531,OBJECT_36531,1432.7135,14.4109,0.0014501,0.0012405,0.0002
81102,OBJECT_81102,31524,OBJECT_31524,1633.2544,7.1969,0.0014501,5.5567000000000005e-05,0.0001
81102,OBJECT_81102,30647,OBJECT_30647,1290.2874,12.0838,0.0014501,0.0018212999999999999,0.0002
81102,OBJECT_81102,33906,OBJECT_33906,566.4109,11.4413,0.0014501,0.0010379,0.0002
81102,OBJECT_81102,35721,OBJECT_35721,2955.737,5.7533,0.0014501,0.00043043,0.0002
81102,OBJECT_81102,38064,OBJECT_38064,437.8337,10.6009,0.0014501,0.00045443,0.0002
81102,OBJECT_81102,30316,OBJECT_30316,1384.1892,13.2754,0.0014501,0.0013697000000000002,0.0002
81102,OBJECT_81102,33936,OBJECT_33936,267.6897,14.0952,0.0014501,0.00033838,0.0002
81102,OBJECT_81102,38119,OBJECT_38119,1144.6011,14.3224,0.0014501,0.0034503,0.0002
81102,OBJECT_81102,81838,OBJECT_81838,1444.66,11.8333,0.0014501,0.00090409,0.0002
81102,OBJECT_81102,32425,OBJECT_32425,395.9642,13.6176,0.0014501,0.00025183,0.0002
81102,OBJECT_81102,41828,OBJECT_41828,1085.3447,10.911,0.0014501,0.0031567,0.0002
81102,OBJECT_81102,37719,OBJECT_37719,1383.7418,14.4658,0.0014501,0.00029128,0.0002
81102,OBJECT_81102,34572,OBJECT_34572,729.6364,11.1487,0.0014501,0.0011692,0.0002
81102,OBJECT_81102,36996,OBJECT_36996,1099.5854,11.8003,0.0014501,0.00042926,0.0002
81102,OBJECT_81102,34521,OBJECT_34521,1253.5272,15.1092,0.0014501,0.00058477,0.0002
81102,OBJECT_81102,38121,OBJECT_38121,1945.0569,9.9792,0.0014501,0.00044144000000000003,0.0002
81102,OBJECT_81102,36180,OBJECT_36180,1187.2473,14.7497,0.0014501,0.00024505,0.0002
81102,OBJECT_81102,31374,OBJECT_31374,985.7381,9.6742,0.0014501,0.0010576000000000001,0.0002
81102,OBJECT_81102,34997,OBJECT_34997,1549.4125,10.9308,0.0014501,0.0006951899999999999,0.0002
81102,OBJECT_81102,29762,OBJECT_29762,1126.6076,14.0795,0.0014501,0.00020268,0.0001
81102,OBJECT_81102,35887,OBJECT_35887,824.669,8.5735,0.0014501,0.0011746,0.0002
81102,OBJECT_81102,32167,OBJECT_32167,1948.2262,14.5121,0.0014501,0.00029375,0.0002
81102,OBJECT_81102,31253,OBJECT_31253,1376.8468,14.7037,0.0014501,1.0382e-05,0.0001
81102,OBJECT_81102,36049,OBJECT_36049,911.2756,11.0818,0.0014501,0.00074209,0.0002
81102,OBJECT_81102,29909,OBJECT_29909,443.0407,12.9304,0.0014501,0.001231,0.0002
81102,OBJECT_81102,37993,OBJECT_37993,230.3319,7.489,0.0014501,0.00077472,0.0002
81102,OBJECT_81102,38809,OBJECT_38809,693.0042,15.2442,0.0014501,0.00035086000000000004,0.0002
81102,OBJECT_81102,34304,OBJECT_34304,1824.3113,9.6156,0.0014501,0.00086513,0.0002
81102,OBJECT_81102,35196,OBJECT_35196,991.4157,15.389,0.0014501,0.00049525,0.0002
81102,OBJECT_81102,31201,OBJECT_31201,1160.069,6.8733,0.0014501,0.00042842000000000005,0.0002
81102,OBJECT_81102,34031,OBJECT_34031,2205.8558,10.7794,0.0014501,0.00069932,0.0002
81102,OBJECT_81102,36711,OBJECT_36711,438.8228,14.1475,0.0014501,0.0018024000000000002,0.0002
81102,OBJECT_81102,35469,OBJECT_35469,537.7536,14.1334,0.0014501,5.8041e-05,0.0001
81102,OBJECT_81102,34571,OBJECT_34571,508.2504,5.2725,0.0014501,0.0014056,0.0001
81102,OBJECT_81102,30112,OBJECT_30112,691.5657,14.6745,0.0014501,0.00036626,0.0002
81102,OBJECT_81102,30293,OBJECT_30293,793.1252,6.361,0.0014501,0.00043189,0.0002
81102,OBJECT_81102,30857,OBJECT_30857,595.0682,15.4723,0.0014501,0.0026489,0.0002
81102,OBJECT_81102,31341,OBJECT_31341,1394.4369,13.7559,0.0014501,0.0007172,0.0002
81102,OBJECT_81102,36539,OBJECT_36539,805.9235,13.6759,0.0014501,0.00031888,0.0002
81102,OBJECT_81102,36710,OBJECT_36710,1358.045,14.4618,0.0014501,0.0010532999999999999,0.0002
81102,OBJECT_81102,36053,OBJECT_36053,1802.9649,8.8506,0.0014501,0.00098765,0.0002
81102,OBJECT_81102,29957,OBJECT_29957,372.2789,10.9887,0.0014501,0.0027883,0.0002
81102,OBJECT_81102,33640,OBJECT_33640,1466.092,12.158,0.0014501,0.00028514,0.0002
81102,OBJECT_81102,31459,OBJECT_31459,1567.3766,7.4514,0.0014501,0.00052996,0.0002
81102,OBJECT_81102,37971,OBJECT_37971,1024.9553,14.1402,0.0014501,0.00038973,0.0002
81102,OBJECT_81102,34634,OBJECT_34634,1058.8381,14.3985,0.0014501,0.00016763,0.0001
81102,OBJECT_81102,82683,OBJECT_82683,1003.2571,14.8318,0.0014501,0.00024148,0.0002
81102,OBJECT_81102,34015,OBJECT_34015,1910.6953,7.8422,0.0014501,0.00073415,0.0002
81102,OBJECT_81102,31387,OBJECT_31387,1470.8212,6.8163,0.0014501,0.0001101,0.0001
81102,OBJECT_81102,34273,OBJECT_34273,1251.5069,12.3268,0.0014501,0.00045445,0.0002
81102,OBJECT_81102,30053,OBJECT_30053,2462.1876,10.3287,0.0014501,0.0008360300000000001,0.0002
81102,OBJECT_81102,31071,OBJECT_31071,950.8084,13.4308,0.0014501,0.00064896,0.0002
81102,OBJECT_81102,33980,OBJECT_33980,1064.2293,13.5474,0.0014501,0.00028147000000000003,0.0002
81102,OBJECT_81102,30385,OBJECT_30385,690.4407,15.5526,0.0014501,0.00013742,0.0001
81102,OBJECT_81102,35667,OBJECT_35667,1017.8912,9.9375,0.0014501,0.0005590500000000001,0.0002
81102,OBJECT_81102,36614,OBJECT_36614,3310.6961,8.0449,0.0014501,0.0006218399999999999,0.0002
81102,OBJECT_81102,30472,OBJECT_30472,1925.279,13.5885,0.0014501,0.0014198,0.0002
81102,OBJECT_81102,31916,OBJECT_31916,92.2903,13.4316,0.0014501,0.00073288,0.0002
28059,OBJECT_28059,81102,OBJECT_81102,818.8363,15.0805,8.0114e-05,0.0014501,0.0001
81102,OBJECT_81102,37535,OBJECT_37535,1555.7601,12.7759,0.0014501,0.00033844999999999996,0.0002
81102,OBJECT_81102,46965,OBJECT_46965,621.0466,14.064,0.0014501,0.00041804000000000006,0.0002
81102,OBJECT_81102,31480,OBJECT_31480,916.3781,7.6603,0.0014501,0.0020095,0.0002
81102,OBJECT_81102,37053,OBJECT_37053,1555.9071,11.8644,0.0014501,0.001198,0.0002
81102,OBJECT_81102,34046,OBJECT_34046,344.8499,14.1743,0.0014501,0.0005084,0.0002
20323,OBJECT_20323,81102,OBJECT_81102,1349.3151,8.4042,5.5648e-05,0.0014501,0.0002
81102,OBJECT_81102,85015,OBJECT_85015,127.5231,14.1103,0.0014501,2.9949e-05,0.0001
81102,OBJECT_81102,82524,OBJECT_82524,3277.4131,6.7344,0.0014501,0.0014302000000000002,0.0002
81102,OBJECT_81102,81279,OBJECT_81279,535.2074,15.4222,0.0014501,0.00028305999999999996,0.0002
81102,OBJECT_81102,37695,OBJECT_37695,2820.9207,15.3392,0.0014501,0.00042847,0.0002
81102,OBJECT_81102,30696,OBJECT_30696,625.5805,14.7462,0.0014501,0.00057604,0.0002
81102,OBJECT_81102,36167,OBJECT_36167,1303.1277,9.0418,0.0014501,0.00037589000000000003,0.0002
81102,OBJECT_81102,31449,OBJECT_31449,1209.6242,14.1181,0.0014501,0.00011036000000000001,0.0001
81102,OBJECT_81102,30105,OBJECT_30105,752.4597,14.2006,0.0014501,0.00027881,0.0002
81102,OBJECT_81102,81535,OBJECT_81535,1313.0764,14.2769,0.0014501,0.00036779,0.0002
81102,OBJECT_81102,33972,OBJECT_33972,1124.4235,4.291,0.0014501,0.00091549,0.0001
81102,OBJECT_81102,37424,OBJECT_37424,401.8364,13.8016,0.0014501,0.00041502,0.0002
81102,OBJECT_81102,31038,OBJECT_31038,421.4596,13.617,0.0014501,0.0003852,0.0002
81102,OBJECT_81102,36676,OBJECT_36676,1069.2444,8.5279,0.0014501,0.00027912,0.0002
81102,OBJECT_81102,31887,OBJECT_31887,649.3556,14.1864,0.0014501,0.0013664999999999999,0.0002
81102,OBJECT_81102,30568,OBJECT_30568,783.949,7.6103,0.0014501,0.0014050000000000002,0.0002
81102,OBJECT_81102,31554,OBJECT_31554,450.6037,10.2952,0.0014501,0.0017964,0.0002
81102,OBJECT_81102,30071,OBJECT_30071,318.0478,13.2817,0.0014501,0.0014062,0.0002
81102,OBJECT_81102,33798,OBJECT_33798,1490.3203,9.4965,0.0014501,0.00010213,0.0001
81102,OBJECT_81102,29970,OBJECT_29970,1207.8416,10.8391,0.0014501,0.0002542,0.0002
81102,OBJECT_81102,37445,OBJECT_37445,1110.2843,14.1449,0.0014501,0.00023378,0.0002
81102,OBJECT_81102,35015,OBJECT_35015,1681.7357,4.3912,0.0014501,0.00033224,0.0001
81102,OBJECT_81102,34682,OBJECT_34682,1892.2662,12.9617,0.0014501,0.00037659,0.0002
81102,OBJECT_81102,30663,OBJECT_30663,4637.6387,9.4185,0.0014501,0.0012248,0.0002
81102,OBJECT_81102,32243,OBJECT_32243,917.1477,15.2157,0.0014501,0.00081419,0.0002
81102,OBJECT_81102,30202,OBJECT_30202,674.8416,13.2004,0.0014501,0.0014817,0.0002
81102,OBJECT_81102,34468,OBJECT_34468,1264.9775,10.4705,0.0014501,0.00018481000000000001,0.0001
81102,OBJECT_81102,31152,OBJECT_31152,539.1211,14.1309,0.0014501,8.6533e-05,0.0001
81102,OBJECT_81102,34680,OBJECT_34680,615.7709,10.5812,0.0014501,0.00067228,0.0002
81102,OBJECT_81102,32441,OBJECT_32441,996.1891,14.3681,0.0014501,0.00057704,0.0002
81102,OBJECT_81102,33934,OBJECT_33934,894.9591,12.1322,0.0014501,0.00046498000000000004,0.0002
81102,OBJECT_81102,31726,OBJECT_31726,1054.2283,15.7508,0.0014501,0.00040228000000000003,0.0002
81102,OBJECT_81102,35840,OBJECT_35840,2505.8757,6.4497,0.0014501,0.0006569000000000001,0.0002
81102,OBJECT_81102,34553,OBJECT_34553,1749.0209,5.2585,0.0014501,0.00071488,0.0001
81102,OBJECT_81102,37483,OBJECT_37483,737.6419,8.6627,0.0014501,0.00019035,0.0001
81102,OBJECT_81102,81683,OBJECT_81683,504.0469,9.3815,0.0014501,0.00056442,0.0002
81102,OBJECT_81102,36008,OBJECT_36008,1615.1232,9.2361,0.0014501,0.0021654,0.0002
81102,OBJECT_81102,40810,OBJECT_40810,1623.6496,12.432,0.0014501,0.00034626000000000004,0.0002
81102,OBJECT_81102,38006,OBJECT_38006,1056.0015,13.673,0.0014501,0.0011,0.0002
81102,OBJECT_81102,31172,OBJECT_31172,636.4373,14.9179,0.0014501,7.3537e-05,0.0001
81102,OBJECT_81102,36540,OBJECT_36540,1784.8929,5.7665,0.0014501,0.0006985,0.0002
81102,OBJECT_81102,30885,OBJECT_30885,440.6369,6.5992,0.0014501,0.0012212000000000002,0.0002
81102,OBJECT_81102,32361,OBJECT_32361,1397.7139,14.6679,0.0014501,0.0011125,0.0002
81102,OBJECT_81102,30552,OBJECT_30552,907.5753,10.8004,0.0014501,0.0020753,0.0002
81102,OBJECT_81102,31224,OBJECT_31224,1926.7058,14.5523,0.0014501,0.00014155000000000003,0.0001
81102,OBJECT_81102,34141,OBJECT_34141,1296.5306,14.4975,0.0014501,0.00082025,0.0002
81102,OBJECT_81102,46449,OBJECT_46449,471.2471,15.3346,0.0014501,0.00021116,0.0002
81102,OBJECT_81102,37562,OBJECT_37562,968.5056,14.2273,0.0014501,0.0006138700000000001,0.0002
81102,OBJECT_81102,32304,OBJECT_32304,978.2936,14.3295,0.0014501,0.0007681599999999999,0.0002
81102,OBJECT_81102,37486,OBJECT_37486,47.0091,9.6675,0.0014501,0.0020374,0.0002
81102,OBJECT_81102,87320,OBJECT_87320,3737.0744,11.5237,0.0014501,0.00060968,0.0002
81102,OBJECT_81102,34035,OBJECT_34035,936.149,13.5518,0.0014501,0.00071663,0.0002
81102,OBJECT_81102,34276,OBJECT_34276,1728.491,12.8395,0.0014501,0.00036865,0.0002
81102,OBJECT_81102,32098,OBJECT_32098,749.0307,14.5206,0.0014501,0.0001943,0.0001
81102,OBJECT_81102,33940,OBJECT_33940,755.1246,9.5553,0.0014501,0.00060139,0.0002
81102,OBJECT_81102,37108,OBJECT_37108,842.4338,12.0747,0.0014501,0.00047003,0.0002
81102,OBJECT_81102,32422,OBJECT_32422,1526.4756,13.8247,0.0014501,0.00014192,0.0001
81102,OBJECT_81102,35012,OBJECT_35012,340.5589,10.883,0.0014501,8.403100000000001e-05,0.0001
81102,OBJECT_81102,29898,OBJECT_29898,801.8444,12.1882,0.0014501,0.0009423700000000001,0.0002
81102,OBJECT_81102,30740,OBJECT_30740,1465.5152,13.1774,0.0014501,0.0016278999999999998,0.0002
81102,OBJECT_81102,31902,OBJECT_31902,1266.7862,13.5434,0.0014501,0.00015232,0.0001
81102,OBJECT_81102,31183,OBJECT_31183,506.8761,15.3197,0.0014501,0.0007321,0.0002
81102,OBJECT_81102,36259,OBJECT_36259,1376.9127,11.4236,0.0014501,0.0020456,0.0002
81102,OBJECT_81102,33944,OBJECT_33944,549.1425,11.6392,0.0014501,0.00015365000000000002,0.0001
81102,OBJECT_81102,35645,OBJECT_35645,1767.0592,11.7942,0.0014501,0.00097406,0.0002
81102,OBJECT_81102,34944,OBJECT_34944,1549.4925,6.1967,0.0014501,0.00048722,0.0002
81102,OBJECT_81102,37460,OBJECT_37460,797.657,8.6188,0.0014501,0.0011507000000000002,0.0002
27424,OBJECT_27424,81102,OBJECT_81102,747.8566,13.2759,0.00013461999999999998,0.0014501,0.0003
81102,OBJECT_81102,34685,OBJECT_34685,1748.4528,9.3768,0.0014501,0.00058991,0.0002
81102,OBJECT_81102,37960,OBJECT_37960,2571.9585,5.2454,0.0014501,0.00039168,0.0001
81102,OBJECT_81102,37077,OBJECT_37077,237.5416,13.8433,0.0014501,0.00018256000000000001,0.0001
81102,OBJECT_81102,30035,OBJECT_30035,865.8509,10.9311,0.0014501,6.0642e-05,0.0001
81102,OBJECT_81102,30549,OBJECT_30549,589.0144,13.0701,0.0014501,0.00083363,0.0002
81102,OBJECT_81102,37600,OBJECT_37600,1849.2725,10.8348,0.0014501,0.0017656,0.0002
81102,OBJECT_81102,37996,OBJECT_37996,1718.6698,4.6971,0.0014501,0.0021587,0.0001
81102,OBJECT_81102,35806,OBJECT_35806,82.5894,14.9363,0.0014501,0.00066759,0.0002
81102,OBJECT_81102,30759,OBJECT_30759,1363.7448,11.4524,0.0014501,0.0017543,0.0002
25994,OBJECT_25994,81102,OBJECT_81102,1212.1398,15.5076,6.4924e-05,0.0014501,0.0001
81102,OBJECT_81102,29999,OBJECT_29999,1865.6448,14.2557,0.0014501,0.00019950000000000002,0.0001
81102,OBJECT_81102,35128,OBJECT_35128,920.6075,6.6787,0.0014501,0.0013059999999999999,0.0002
81102,OBJECT_81102,30930,OBJECT_30930,562.9499,15.7087,0.0014501,0.00027388,0.0002
81102,OBJECT_81102,39781,OBJECT_39781,357.6195,7.873,0.0014501,0.0011893,0.0002
81102,OBJECT_81102,30893,OBJECT_30893,560.7322,15.2054,0.0014501,0.00031902000000000005,0.0002
81102,OBJECT_81102,34963,OBJECT_34963,1020.2369,13.9368,0.0014501,0.00057553,0.0002
81102,OBJECT_81102,33690,OBJECT_33690,1377.225,13.0655,0.0014501,0.0011707,0.0002
81102,OBJECT_81102,34614,OBJECT_34614,683.849,13.8535,0.0014501,0.0018732,0.0002
81102,OBJECT_81102,81478,OBJECT_81478,695.8537,9.1601,0.0014501,0.0014268,0.0002
81102,OBJECT_81102,32241,OBJECT_32241,675.2868,14.6678,0.0014501,0.0010017,0.0002
81102,OBJECT_81102,31191,OBJECT_31191,2329.4963,9.2546,0.0014501,0.00018962999999999999,0.0001
81102,OBJECT_81102,31674,OBJECT_31674,1266.458,14.6986,0.0014501,0.0010255,0.0002
6153,OBJECT_06153,81102,OBJECT_81102,1532.6665,3.7779,4.826e-05,0.0014501,0.0
81102,OBJECT_81102,31342,OBJECT_31342,1589.3784,12.9851,0.0014501,6.9222e-05,0.0001
81102,OBJECT_81102,31033,OBJECT_31033,2426.2874,13.3509,0.0014501,0.00016403,0.0001
81102,OBJECT_81102,29906,OBJECT_29906,1321.889,12.7906,0.0014501,0.0014769,0.0002
81102,OBJECT_81102,31426,OBJECT_31426,508.7465,11.1698,0.0014501,0.0015172,0.0002
81102,OBJECT_81102,30310,OBJECT_30310,787.465,15.5785,0.0014501,0.00045278,0.0002
81102,OBJECT_81102,35771,OBJECT_35771,594.4055,13.1366,0.0014501,0.0029579,0.0002
81102,OBJECT_81102,33928,OBJECT_33928,792.7463,13.3101,0.0014501,0.00014369000000000003,0.0001
81102,OBJECT_81102,35956,OBJECT_35956,1690.0215,8.9356,0.0014501,0.002312,0.0002
81102,OBJECT_81102,34797,OBJECT_34797,634.4298,11.647,0.0014501,0.00053078,0.0002
81102,OBJECT_81102,36533,OBJECT_36533,1033.1016,10.7559,0.0014501,0.00025899,0.0002
81102,OBJECT_81102,33688,OBJECT_33688,1086.794,12.1566,0.0014501,0.0018723000000000001,0.0002
81102,OBJECT_81102,36005,OBJECT_36005,978.2679,12.0644,0.0014501,9.112900000000001e-05,0.0001
81102,OBJECT_81102,34446,OBJECT_34446,1285.6271,12.9013,0.0014501,6.302900000000001e-05,0.0001
81102,OBJECT_81102,33953,OBJECT_33953,1449.95,13.5146,0.0014501,0.00046932,0.0002
81102,OBJECT_81102,46271,OBJECT_46271,1790.0153,12.8793,0.0014501,0.00014435999999999998,0.0001
81102,OBJECT_81102,30400,OBJECT_30400,227.49,10.6259,0.0014501,0.0019207,0.0002
81102,OBJECT_81102,34366,OBJECT_34366,1400.1908,14.0621,0.0014501,0.00066266,0.0002
81102,OBJECT_81102,34792,OBJECT_34792,2255.8414,7.6134,0.0014501,0.0006128700000000001,0.0002
81102,OBJECT_81102,30108,OBJECT_30108,771.4145,14.1462,0.0014501,0.00024368000000000003,0.0002
81102,OBJECT_81102,29936,OBJECT_29936,2077.7527,13.3272,0.0014501,0.00012692,0.0001
81102,OBJECT_81102,31098,OBJECT_31098,1642.7763,11.8903,0.0014501,0.0020365,0.0002
81102,OBJECT_81102,30141,OBJECT_30141,205.1058,11.3631,0.0014501,0.0015808,0.0002
81102,OBJECT_81102,35204,OBJECT_35204,816.3612,6.6209,0.0014501,0.0012451,0.0002
81102,OBJECT_81102,33720,OBJECT_33720,848.681,15.0412,0.0014501,0.0005212099999999999,0.0002
81102,OBJECT_81102,87239,OBJECT_87239,1363.9046,13.8491,0.0014501,0.0017655000000000001,0.0002
81102,OBJECT_81102,36680,OBJECT_36680,1033.4834,14.0927,0.0014501,0.00022542000000000002,0.0002
81102,OBJECT_81102,30177,OBJECT_30177,32.527,8.7582,0.0014501,0.00040492,0.0002
81102,OBJECT_81102,35016,OBJECT_35016,2528.993,10.4183,0.0014501,0.00027733,0.0002
81102,OBJECT_81102,32316,OBJECT_32316,1332.1223,14.4117,0.0014501,0.00035758000000000003,0.0002
81102,OBJECT_81102,30127,OBJECT_30127,2965.8358,6.6691,0.0014501,0.0014226,0.0002
81102,OBJECT_81102,30093,OBJECT_30093,1596.9841,6.601,0.0014501,0.00046565,0.0002
2802,OBJECT_02802,81102,OBJECT_81102,2153.1322,7.5843,5.0439e-05,0.0014501,0.0002
81102,OBJECT_81102,31642,OBJECT_31642,1290.5313,13.7561,0.0014501,0.00022009000000000002,0.0002
81102,OBJECT_81102,31673,OBJECT_31673,701.8759,6.3547,0.0014501,8.7901e-05,0.0001
81102,OBJECT_81102,31499,OBJECT_31499,2093.3989,11.7698,0.0014501,0.0041294999999999995,0.0002
81102,OBJECT_81102,37687,OBJECT_37687,682.2307,15.4723,0.0014501,0.0028698,0.0002
81102,OBJECT_81102,36558,OBJECT_36558,1838.4581,8.7129,0.0014501,0.00047032000000000004,0.0002
81102,OBJECT_81102,31336,OBJECT_31336,900.1466,14.4409,0.0014501,0.00020277999999999998,0.0001
81102,OBJECT_81102,33913,OBJECT_33913,2013.9849,5.5395,0.0014501,0.00035608,0.0002
81102,OBJECT_81102,36162,OBJECT_36162,1563.02,12.9247,0.0014501,0.0016137000000000002,0.0002
81102,OBJECT_81102,34569,OBJECT_34569,2049.4351,4.9751,0.0014501,0.00027344,0.0001
81036,OBJECT_81036,81102,OBJECT_81102,3031.6688,4.5253,0.011944000000000001,0.0014501,0.0001
81102,OBJECT_81102,30594,OBJECT_30594,826.8773,6.7428,0.0014501,9.463200000000001e-05,0.0001
81102,OBJECT_81102,36153,OBJECT_36153,697.613,13.5786,0.0014501,0.0012471000000000001,0.0002
81102,OBJECT_81102,30859,OBJECT_30859,1052.0938,14.1422,0.0014501,0.0017774000000000002,0.0002
81102,OBJECT_81102,30382,OBJECT_30382,1094.2321,15.8177,0.0014501,0.00046107,0.0002
81102,OBJECT_81102,87211,OBJECT_87211,579.8056,15.7122,0.0014501,0.00037624999999999996,0.0002
81102,OBJECT_81102,32332,OBJECT_32332,1408.9336,14.1691,0.0014501,0.00047973,0.0002
81102,OBJECT_81102,36451,OBJECT_36451,1058.7242,13.9927,0.0014501,0.00045906,0.0002
81102,OBJECT_81102,35784,OBJECT_35784,1346.1574,12.4123,0.0014501,0.00010218000000000001,0.0001
81102,OBJECT_81102,31205,OBJECT_31205,1147.4353,13.1052,0.0014501,0.00011046000000000001,0.0001
81102,OBJECT_81102,31570,OBJECT_31570,895.1116,10.8171,0.0014501,0.001779,0.0002
81102,OBJECT_81102,30838,OBJECT_30838,720.9665,10.3569,0.0014501,0.0013805999999999998,0.0002
81102,OBJECT_81102,30432,OBJECT_30432,2550.4295,8.1089,0.0014501,0.00036203,0.0002
81102,OBJECT_81102,38818,OBJECT_38818,756.905,14.8881,0.0014501,0.00026508,0.0002
81102,OBJECT_81102,40803,OBJECT_40803,1147.7863,13.1869,0.0014501,0.00013557,0.0001
81102,OBJECT_81102,30947,OBJECT_30947,1934.409,7.3443,0.0014501,0.0001399,0.0001
81102,OBJECT_81102,31756,OBJECT_31756,653.6865,9.6724,0.0014501,0.0016167000000000002,0.0002
81102,OBJECT_81102,46451,OBJECT_46451,1140.3617,15.0825,0.0014501,0.001475,0.0002
81102,OBJECT_81102,31455,OBJECT_31455,309.1862,14.012,0.0014501,0.00022952,0.0002
81102,OBJECT_81102,33777,OBJECT_33777,504.6678,14.4702,0.0014501,0.00050733,0.0002
81102,OBJECT_81102,33915,OBJECT_33915,736.5727,13.5488,0.0014501,0.00021074,0.0002
81102,OBJECT_81102,30530,OBJECT_30530,114.8438,15.3754,0.0014501,0.0001698,0.0001
81102,OBJECT_81102,37498,OBJECT_37498,1902.094,5.9524,0.0014501,0.00046106000000000006,0.0002
81102,OBJECT_81102,46440,OBJECT_46440,559.7375,15.6326,0.0014501,0.00014416,0.0001
81102,OBJECT_81102,35918,OBJECT_35918,1169.1717,13.4486,0.0014501,0.00060011,0.0002
81102,OBJECT_81102,35465,OBJECT_35465,1520.2141,3.8934,0.0014501,0.00022962,0.0001
81102,OBJECT_81102,30282,OBJECT_30282,1566.4901,14.6859,0.0014501,0.00023759,0.0002
81102,OBJECT_81102,30648,OBJECT_30648,395.4351,13.4497,0.0014501,0.0014096,0.0002
81102,OBJECT_81102,33907,OBJECT_33907,2105.8767,13.0305,0.0014501,0.0011348999999999999,0.0002
81102,OBJECT_81102,30547,OBJECT_30547,3530.9991,8.2742,0.0014501,0.00013397000000000002,0.0001
81102,OBJECT_81102,35618,OBJECT_35618,844.1026,14.7257,0.0014501,0.00014919,0.0001
81102,OBJECT_81102,30862,OBJECT_30862,1233.1281,13.1384,0.0014501,0.0021379000000000003,0.0002
81102,OBJECT_81102,37548,OBJECT_37548,911.3176,14.1344,0.0014501,0.00048712,0.0002
81102,OBJECT_81102,47068,OBJECT_47068,3012.3036,2.4525,0.0014501,0.00032346,0.0
81102,OBJECT_81102,30287,OBJECT_30287,478.0336,15.6349,0.0014501,0.0007639000000000001,0.0002
81102,OBJECT_81102,31025,OBJECT_31025,398.6006,14.3561,0.0014501,0.00041966999999999997,0.0002
81102,OBJECT_81102,38516,OBJECT_38516,2013.8275,14.4245,0.0014501,9.2394e-05,0.0001
81102,OBJECT_81102,32207,OBJECT_32207,783.6908,15.0925,0.0014501,0.00011683,0.0001
81102,OBJECT_81102,38479,OBJECT_38479,1931.0642,4.835,0.0014501,0.0010397000000000002,0.0001
81102,OBJECT_81102,34576,OBJECT_34576,737.3833,9.7541,0.0014501,0.00047384,0.0002
81102,OBJECT_81102,31235,OBJECT_31235,2170.9327,11.7634,0.0014501,0.0015643000000000002,0.0002
81102,OBJECT_81102,29801,OBJECT_29801,727.9781,8.2629,0.0014501,8.2076e-05,0.0001
81102,OBJECT_81102,33837,OBJECT_33837,1510.7166,13.6328,0.0014501,0.00012425,0.0001
81102,OBJECT_81102,35154,OBJECT_35154,1950.7715,11.2265,0.0014501,0.00019114000000000002,0.0001
81102,OBJECT_81102,34651,OBJECT_34651,2686.3983,9.3881,0.0014501,0.0020293,0.0002
81102,OBJECT_81102,31293,OBJECT_31293,696.5268,15.0046,0.0014501,2.8801e-05,0.0001
81102,OBJECT_81102,37057,OBJECT_37057,1081.5832,15.2702,0.0014501,-1.2683e-05,0.0001
81102,OBJECT_81102,31206,OBJECT_31206,2495.4672,10.1268,0.0014501,0.00042034,0.0002
81102,OBJECT_81102,34059,OBJECT_34059,491.1055,5.1185,0.0014501,0.00039525,0.0001
81102,OBJECT_81102,30344,OBJECT_30344,1030.243,13.9714,0.0014501,0.0017081,0.0002
81102,OBJECT_81102,31456,OBJECT_31456,1099.72,13.5614,0.0014501,0.00046678999999999997,0.0002
81102,OBJECT_81102,35448,OBJECT_35448,1230.3039,12.1559,0.0014501,0.00055236,0.0002
81102,OBJECT_81102,31825,OBJECT_31825,700.5081,14.8671,0.0014501,0.00039111,0.0002
81102,OBJECT_81102,31516,OBJECT_31516,1816.7831,12.3938,0.0014501,0.00027187,0.0002
81102,OBJECT_81102,82617,OBJECT_82617,1694.2019,4.4157,0.0014501,8.5673e-05,0.0
81102,OBJECT_81102,32111,OBJECT_32111,1133.7936,14.8658,0.0014501,0.00012916,0.0001
81102,OBJECT_81102,34690,OBJECT_34690,671.3113,14.4556,0.0014501,0.00057598,0.0002
81102,OBJECT_81102,37683,OBJECT_37683,500.0141,6.4052,0.0014501,0.00069363,0.0002
81102,OBJECT_81102,31781,OBJECT_31781,1843.4345,8.0091,0.0014501,0.00095047,0.0002
81102,OBJECT_81102,41009,OBJECT_41009,820.2236,15.2749,0.0014501,0.0010577,0.0002
81102,OBJECT_81102,31987,OBJECT_31987,1313.3265,14.9,0.0014501,0.00059875,0.0002
81102,OBJECT_81102,47025,OBJECT_47025,1295.5366,6.1598,0.0014501,0.0012544,0.0002
81102,OBJECT_81102,34833,OBJECT_34833,1427.3571,13.7975,0.0014501,0.00039140999999999997,0.0002
81102,OBJECT_81102,82051,OBJECT_82051,376.0579,13.9779,0.0014501,0.0009186,0.0002
81102,OBJECT_81102,30724,OBJECT_30724,1882.8305,6.6526,0.0014501,0.00020962000000000002,0.0002
81102,OBJECT_81102,30092,OBJECT_30092,864.2653,7.4587,0.0014501,0.0002985,0.0002
28480,OBJECT_28480,81102,OBJECT_81102,2443.4814,7.8899,6.511900000000001e-05,0.0014501,0.0002
81102,OBJECT_81102,36173,OBJECT_36173,2349.1815,11.8465,0.0014501,0.00017308000000000002,0.0001
81102,OBJECT_81102,34004,OBJECT_34004,911.6108,11.2435,0.0014501,0.00066926,0.0002
81102,OBJECT_81102,34127,OBJECT_34127,1221.1302,12.8233,0.0014501,0.0007847300000000001,0.0002
81102,OBJECT_81102,81386,OBJECT_81386,1057.347,8.538,0.0014501,0.0010242,0.0002
81102,OBJECT_81102,35671,OBJECT_35671,1390.9099,12.6434,0.0014501,0.00010799,0.0001
81102,OBJECT_81102,37689,OBJECT_37689,1365.8927,14.5005,0.0014501,0.0016286,0.0002
81102,OBJECT_81102,31428,OBJECT_31428,787.9857,14.6709,0.0014501,0.00046715,0.0002
81102,OBJECT_81102,39778,OBJECT_39778,1288.2246,13.7142,0.0014501,0.00043577,0.0002
81102,OBJECT_81102,37094,OBJECT_37094,1634.3815,9.4488,0.0014501,0.00041638,0.0002
81102,OBJECT_81102,34302,OBJECT_34302,2535.5913,10.2351,0.0014501,0.00075701,0.0002
81102,OBJECT_81102,38474,OBJECT_38474,699.5654,15.1274,0.0014501,0.00021953,0.0002
81102,OBJECT_81102,33689,OBJECT_33689,624.2783,15.4276,0.0014501,0.0006153300000000001,0.0002
81102,OBJECT_81102,30275,OBJECT_30275,569.3064,13.8389,0.0014501,0.001379,0.0002
81102,OBJECT_81102,31742,OBJECT_31742,685.8229,6.4092,0.0014501,0.00035876,0.0002
81102,OBJECT_81102,30274,OBJECT_30274,742.8632,9.9737,0.0014501,0.0013904,0.0002
81102,OBJECT_81102,35717,OBJECT_35717,1225.4039,3.9438,0.0014501,0.00040221,0.0001
81102,OBJECT_81102,34641,OBJECT_34641,1746.1453,12.1577,0.0014501,0.00054754,0.0002
81102,OBJECT_81102,29930,OBJECT_29930,2993.467,8.1066,0.0014501,0.00015847,0.0001
81102,OBJECT_81102,34116,OBJECT_34116,737.401,5.4074,0.0014501,0.00044468999999999997,0.0002
81102,OBJECT_81102,30933,OBJECT_30933,601.7254,15.04,0.0014501,0.0023749,0.0002
81102,OBJECT_81102,29871,OBJECT_29871,934.8774,13.1338,0.0014501,0.0006274,0.0002
81102,OBJECT_81102,34738,OBJECT_34738,1329.9244,8.4571,0.0014501,0.00020198,0.0001
81102,OBJECT_81102,34146,OBJECT_34146,576.0916,14.5395,0.0014501,0.00053425,0.0002
81102,OBJECT_81102,33758,OBJECT_33758,2565.7367,3.2911,0.0014501,0.00046928,0.0
81102,OBJECT_81102,33908,OBJECT_33908,1229.2132,3.8484,0.0014501,0.0010038,0.0
81102,OBJECT_81102,30768,OBJECT_30768,529.6268,13.8444,0.0014501,0.0012831000000000001,0.0002
81102,OBJECT_81102,30113,OBJECT_30113,728.2914,6.6148,0.0014501,0.0010548,0.0002
81102,OBJECT_81102,38241,OBJECT_38241,987.6722,14.5863,0.0014501,0.00043729,0.0002
81102,OBJECT_81102,33726,OBJECT_33726,428.008,12.6819,0.0014501,0.00016450999999999998,0.0001
81102,OBJECT_81102,31735,OBJECT_31735,1148.1361,13.5707,0.0014501,0.00047002000000000003,0.0002
81102,OBJECT_81102,31769,OBJECT_31769,729.4541,15.3086,0.0014501,0.0012716,0.0002
81102,OBJECT_81102,31959,OBJECT_31959,2374.3674,6.0471,0.0014501,0.00085976,0.0002
81102,OBJECT_81102,30625,OBJECT_30625,276.1315,13.3752,0.0014501,0.0022287,0.0002
81102,OBJECT_81102,30199,OBJECT_30199,697.7534,15.6226,0.0014501,0.0005000400000000001,0.0002
81102,OBJECT_81102,29869,OBJECT_29869,2541.3081,11.8407,0.0014501,0.00023042,0.0002
81102,OBJECT_81102,33637,OBJECT_33637,489.6473,14.7938,0.0014501,0.0007449000000000001,0.0002
81102,OBJECT_81102,29976,OBJECT_29976,952.815,14.5688,0.0014501,0.00016445,0.0001
81102,OBJECT_81102,30157,OBJECT_30157,780.0772,13.2784,0.0014501,0.0014715000000000002,0.0002
81102,OBJECT_81102,81228,OBJECT_81228,1384.359,5.1925,0.0014501,0.00066997,0.0001
81102,OBJECT_81102,30365,OBJECT_30365,507.023,14.5726,0.0014501,0.00015729,0.0001
81102,OBJECT_81102,32130,OBJECT_32130,1501.5768,8.458,0.0014501,0.00014363,0.0001
81102,OBJECT_81102,30656,OBJECT_30656,1889.3799,7.8467,0.0014501,0.0012282,0.0002
81102,OBJECT_81102,34689,OBJECT_34689,2515.845,7.1205,0.0014501,0.0015501999999999998,0.0002
81102,OBJECT_81102,33722,OBJECT_33722,859.503,15.261,0.0014501,0.00031530999999999996,0.0002
81102,OBJECT_81102,33983,OBJECT_33983,705.2702,8.3864,0.0014501,0.00029731,0.0002
81102,OBJECT_81102,34885,OBJECT_34885,2260.9066,5.9641,0.0014501,0.00039798000000000004,0.0002
81102,OBJECT_81102,31985,OBJECT_31985,1533.3641,6.8323,0.0014501,0.00010876,0.0001
81102,OBJECT_81102,32160,OBJECT_32160,1216.2082,9.2929,0.0014501,0.00025007,0.0002
81102,OBJECT_81102,34732,OBJECT_34732,1256.1126,12.2024,0.0014501,7.1659e-05,0.0001
81102,OBJECT_81102,36664,OBJECT_36664,633.9131,15.7022,0.0014501,7.401200000000001e-05,0.0001
81102,OBJECT_81102,30217,OBJECT_30217,1190.1418,13.9983,0.0014501,0.00020467,0.0002
81102,OBJECT_81102,35997,OBJECT_35997,1925.2945,5.3281,0.0014501,0.00023096,0.0001
81102,OBJECT_81102,36263,OBJECT_36263,1491.3957,7.9911,0.0014501,0.0011601,0.0002
81102,OBJECT_81102,33912,OBJECT_33912,2046.8535,5.1873,0.0014501,0.00044307000000000005,0.0001
66004,OBJECT_66004,81102,OBJECT_81102,1066.6695,3.0112,7.1819e-05,0.0014501,0.0
81102,OBJECT_81102,35987,OBJECT_35987,533.3864,12.5431,0.0014501,0.00029293000000000006,0.0002
81102,OBJECT_81102,31482,OBJECT_31482,1260.2035,15.0801,0.0014501,0.00039573,0.0002
81102,OBJECT_81102,31757,OBJECT_31757,517.7097,15.6029,0.0014501,4.6093e-06,0.0001
81102,OBJECT_81102,37528,OBJECT_37528,710.0985,10.6186,0.0014501,0.00025903,0.0002
81102,OBJECT_81102,31618,OBJECT_31618,690.7489,9.5307,0.0014501,0.00015812,0.0001
81102,OBJECT_81102,31562,OBJECT_31562,2117.6801,8.9859,0.0014501,0.00050791,0.0002
81102,OBJECT_81102,33623,OBJECT_33623,1110.7482,12.9437,0.0014501,0.0023218,0.0002
81102,OBJECT_81102,33973,OBJECT_33973,486.5341,11.4569,0.0014501,8.3026e-05,0.0001
81102,OBJECT_81102,36074,OBJECT_36074,939.6504,13.3118,0.0014501,0.00059194,0.0002
81102,OBJECT_81102,31565,OBJECT_31565,473.9733,10.9479,0.0014501,0.001429,0.0002
81102,OBJECT_81102,31236,OBJECT_31236,1334.054,10.5657,0.0014501,0.0026923000000000003,0.0002
81102,OBJECT_81102,32163,OBJECT_32163,377.1532,15.4829,0.0014501,0.00048027,0.0002
81102,OBJECT_81102,33848,OBJECT_33848,1176.7598,14.1227,0.0014501,0.00049485,0.0002
81102,OBJECT_81102,82597,OBJECT_82597,2565.5713,11.4542,0.0014501,0.00034155000000000003,0.0002
81102,OBJECT_81102,36559,OBJECT_36559,1360.8963,13.6535,0.0014501,0.0018741,0.0002
81102,OBJECT_81102,32093,OBJECT_32093,750.3976,6.2355,0.0014501,0.00023127,0.0002
81102,OBJECT_81102,38057,OBJECT_38057,2630.4132,11.1592,0.0014501,0.0009070899999999999,0.0002
81102,OBJECT_81102,29870,OBJECT_29870,323.2183,12.9231,0.0014501,3.6933e-05,0.0001
81102,OBJECT_81102,35647,OBJECT_35647,1187.0258,9.9481,0.0014501,0.00025716,0.0002
81102,OBJECT_81102,30998,OBJECT_30998,1029.8441,13.4736,0.0014501,0.0016119,0.0002
81102,OBJECT_81102,35033,OBJECT_35033,2587.9153,6.699,0.0014501,0.00038367,0.0002
81102,OBJECT_81102,31016,OBJECT_31016,1257.0652,15.3298,0.0014501,0.00013885000000000001,0.0001
81102,OBJECT_81102,37701,OBJECT_37701,156.1076,13.0031,0.0014501,0.0016700999999999999,0.0002
81102,OBJECT_81102,34582,OBJECT_34582,1820.593,7.7699,0.0014501,0.0002943,0.0002
81102,OBJECT_81102,35625,OBJECT_35625,529.8625,14.6825,0.0014501,0.00051334,0.0002
81102,OBJECT_81102,34145,OBJECT_34145,704.9805,13.6191,0.0014501,0.0007867,0.0002
81102,OBJECT_81102,33922,OBJECT_33922,1779.3816,8.8532,0.0014501,0.00026910000000000004,0.0002
81102,OBJECT_81102,37565,OBJECT_37565,774.976,14.9043,0.0014501,0.00031234000000000004,0.0002
81102,OBJECT_81102,35680,OBJECT_35680,983.3803,15.0051,0.0014501,0.0005526,0.0002
81102,OBJECT_81102,31656,OBJECT_31656,501.801,15.5776,0.0014501,0.0011223,0.0002
81102,OBJECT_81102,34021,OBJECT_34021,565.9316,9.9969,0.0014501,0.00027572,0.0002
81102,OBJECT_81102,30761,OBJECT_30761,2211.6306,11.5208,0.0014501,0.00050893,0.0002
81102,OBJECT_81102,31228,OBJECT_31228,2255.8401,9.0495,0.0014501,0.0003545,0.0002
81102,OBJECT_81102,46987,OBJECT_46987,1458.0683,10.8863,0.0014501,0.0016457,0.0002
81102,OBJECT_81102,31097,OBJECT_31097,351.7076,11.5523,0.0014501,0.0018446,0.0002
81102,OBJECT_81102,36222,OBJECT_36222,1069.7277,14.1992,0.0014501,0.0005082999999999999,0.0002
81102,OBJECT_81102,38493,OBJECT_38493,4757.2992,10.725,0.0014501,0.00036536,0.0002
81102,OBJECT_81102,38483,OBJECT_38483,1354.4853,13.7315,0.0014501,0.00040579,0.0002
81102,OBJECT_81102,29912,OBJECT_29912,283.9495,13.3382,0.0014501,0.0011534,0.0002
81102,OBJECT_81102,33838,OBJECT_33838,1687.08,7.9914,0.0014501,0.00026640999999999996,0.0002
81102,OBJECT_81102,30446,OBJECT_30446,1356.4047,13.6418,0.0014501,0.00095937,0.0002
81102,OBJECT_81102,34965,OBJECT_34965,272.0015,9.8058,0.0014501,0.00018840000000000003,0.0001
81102,OBJECT_81102,34998,OBJECT_34998,1020.6931,7.2444,0.0014501,0.00032767,0.0002
81102,OBJECT_81102,35837,OBJECT_35837,259.3741,6.4444,0.0014501,0.0031054,0.0002
81102,OBJECT_81102,30200,OBJECT_30200,274.1308,6.8402,0.0014501,9.3106e-05,0.0001
81102,OBJECT_81102,31226,OBJECT_31226,1614.6191,14.7144,0.0014501,0.00011011,0.0001
81102,OBJECT_81102,35109,OBJECT_35109,1648.966,14.6133,0.0014501,0.0002196,0.0002
81102,OBJECT_81102,35299,OBJECT_35299,458.4844,14.4638,0.0014501,0.00066659,0.0002
81102,OBJECT_81102,35660,OBJECT_35660,1081.2847,9.4333,0.0014501,0.00027,0.0002
81102,OBJECT_81102,31029,OBJECT_31029,2936.525,8.3091,0.0014501,0.00022946000000000002,0.0002
81102,OBJECT_81102,31754,OBJECT_31754,1720.443,14.039,0.0014501,0.0005028700000000001,0.0002
81102,OBJECT_81102,37448,OBJECT_37448,1184.3276,14.086,0.0014501,0.00078845,0.0002
81102,OBJECT_81102,34508,OBJECT_34508,2328.7142,11.7133,0.0014501,0.0007427,0.0002
81102,OBJECT_81102,34321,OBJECT_34321,973.094,7.5706,0.0014501,0.00033935,0.0002
81102,OBJECT_81102,30846,OBJECT_30846,493.7039,7.2863,0.0014501,0.00043578000000000003,0.0002
81102,OBJECT_81102,40230,OBJECT_40230,1253.2345,4.1346,0.0014501,0.00042912,0.0001
81102,OBJECT_81102,30677,OBJECT_30677,262.7163,15.1366,0.0014501,0.00073788,0.0002
81102,OBJECT_81102,30109,OBJECT_30109,670.0193,14.1211,0.0014501,0.00017893,0.0001
81102,OBJECT_81102,37712,OBJECT_37712,514.2987,10.7283,0.0014501,0.00023628,0.0002
81102,OBJECT_81102,36366,OBJECT_36366,256.8814,8.8501,0.0014501,0.00091442,0.0002
81102,OBJECT_81102,34967,OBJECT_34967,1013.9749,6.3746,0.0014501,0.00029545,0.0002
81102,OBJECT_81102,34846,OBJECT_34846,1353.4553,7.1198,0.0014501,0.00043945000000000003,0.0002
81102,OBJECT_81102,36719,OBJECT_36719,2527.8779,11.7061,0.0014501,0.00045305000000000003,0.0002
81102,OBJECT_81102,30454,OBJECT_30454,2143.7947,11.5726,0.0014501,0.0012393999999999999,0.0002
81102,OBJECT_81102,36272,OBJECT_36272,2359.1238,6.3293,0.0014501,0.00020655,0.0002
81102,OBJECT_81102,35453,OBJECT_35453,401.3014,14.2532,0.0014501,0.00039098000000000003,0.0002
81102,OBJECT_81102,31782,OBJECT_31782,896.36,8.938,0.0014501,0.00021284,0.0002
81102,OBJECT_81102,31241,OBJECT_31241,604.5453,9.2078,0.0014501,0.000378,0.0002
81102,OBJECT_81102,30925,OBJECT_30925,891.0406,10.9982,0.0014501,0.0017865000000000001,0.0002
5560,OBJECT_05560,81102,OBJECT_81102,1439.6921,13.1268,9.6779e-05,0.0014501,0.0003
81102,OBJECT_81102,46972,OBJECT_46972,966.8326,14.415,0.0014501,0.00018036,0.0001
81102,OBJECT_81102,30072,OBJECT_30072,2787.5457,9.7292,0.0014501,0.0015543000000000002,0.0002
81102,OBJECT_81102,37928,OBJECT_37928,1904.1874,7.0577,0.0014501,0.00036453,0.0002
81102,OBJECT_81102,35480,OBJECT_35480,271.0408,14.8717,0.0014501,0.00031351,0.0002
81102,OBJECT_81102,34117,OBJECT_34117,796.9416,13.681,0.0014501,0.00035841000000000003,0.0002
81102,OBJECT_81102,38725,OBJECT_38725,361.5133,11.4566,0.0014501,0.0017272000000000001,0.0002
81102,OBJECT_81102,36459,OBJECT_36459,978.6196,14.065,0.0014501,0.00029667,0.0002
81102,OBJECT_81102,34430,OBJECT_34430,2607.2248,11.1826,0.0014501,0.00021235,0.0002
81102,OBJECT_81102,31365,OBJECT_31365,430.511,13.8608,0.0014501,0.0012797,0.0002
81102,OBJECT_81102,35233,OBJECT_35233,558.591,13.0903,0.0014501,0.0014821,0.0002
81102,OBJECT_81102,29874,OBJECT_29874,1927.6693,7.4468,0.0014501,0.0014329,0.0002
81102,OBJECT_81102,32106,OBJECT_32106,1075.8025,14.2731,0.0014501,0.0010714,0.0002
81102,OBJECT_81102,37908,OBJECT_37908,888.267,14.9888,0.0014501,0.00034797,0.0002
81102,OBJECT_81102,31753,OBJECT_31753,608.3858,15.334,0.0014501,0.00016143,0.0001
81102,OBJECT_81102,33986,OBJECT_33986,1962.7812,10.7773,0.0014501,0.00041868,0.0002
81102,OBJECT_81102,30068,OBJECT_30068,1528.6548,14.1234,0.0014501,0.00013854,0.0001
81102,OBJECT_81102,34609,OBJECT_34609,1054.5674,10.3914,0.0014501,0.0006068099999999999,0.0002
81102,OBJECT_81102,30306,OBJECT_30306,649.488,15.5395,0.0014501,0.0005255800000000001,0.0002
81102,OBJECT_81102,33842,OBJECT_33842,1315.1301,4.2478,0.0014501,0.0001661,0.0
81102,OBJECT_81102,34388,OBJECT_34388,1861.1936,3.8466,0.0014501,0.00039706999999999996,0.0
81102,OBJECT_81102,34097,OBJECT_34097,1566.5315,14.9538,0.0014501,0.0006051499999999999,0.0002
81102,OBJECT_81102,33716,OBJECT_33716,345.5759,10.5326,0.0014501,7.8403e-05,0.0001
81102,OBJECT_81102,32136,OBJECT_32136,643.9483,14.6126,0.0014501,0.00018369,0.0001
81102,OBJECT_81102,32343,OBJECT_32343,428.203,14.0756,0.0014501,0.00013737,0.0001
81102,OBJECT_81102,38028,OBJECT_38028,884.6462,14.9939,0.0014501,0.00019878000000000002,0.0001
81102,OBJECT_81102,30102,OBJECT_30102,851.2421,15.0372,0.0014501,0.00023874,0.0002
81102,OBJECT_81102,35975,OBJECT_35975,2257.5582,13.5748,0.0014501,0.00045083,0.0002
81102,OBJECT_81102,31010,OBJECT_31010,2964.0722,7.236,0.0014501,0.0022193,0.0002
81102,OBJECT_81102,30575,OBJECT_30575,1714.2331,13.4847,0.0014501,0.00062508,0.0002
81102,OBJECT_81102,34875,OBJECT_34875,1865.4552,7.3156,0.0014501,0.00027197,0.0002
81102,OBJECT_81102,30661,OBJECT_30661,1415.9721,7.2915,0.0014501,8.5136e-05,0.0001
81102,OBJECT_81102,33966,OBJECT_33966,1146.9791,13.7012,0.0014501,0.00027785,0.0002
81102,OBJECT_81102,32326,OBJECT_32326,556.2779,7.5703,0.0014501,0.00022906,0.0002
81102,OBJECT_81102,40793,OBJECT_40793,2403.5888,5.0937,0.0014501,0.00045972000000000005,0.0001
81102,OBJECT_81102,34387,OBJECT_34387,2702.7751,4.1255,0.0014501,0.00017556,0.0
81102,OBJECT_81102,35062,OBJECT_35062,389.6681,10.7532,0.0014501,0.00070378,0.0002
81102,OBJECT_81102,33819,OBJECT_33819,1086.7289,3.6449,0.0014501,0.00032728,0.0
81102,OBJECT_81102,30312,OBJECT_30312,1366.2318,13.5442,0.0014501,0.0014901,0.0002
81102,OBJECT_81102,34434,OBJECT_34434,940.8574,13.3185,0.0014501,0.00077584,0.0002
81102,OBJECT_81102,31261,OBJECT_31261,625.5892,13.2429,0.0014501,0.0005147800000000001,0.0002
81102,OBJECT_81102,81667,OBJECT_81667,429.6463,13.9802,0.0014501,0.00032281,0.0002
81102,OBJECT_81102,32418,OBJECT_32418,788.6708,6.4816,0.0014501,0.0029731999999999996,0.0002
81102,OBJECT_81102,31511,OBJECT_31511,2465.2745,8.7563,0.0014501,0.00042004000000000005,0.0002
81102,OBJECT_81102,34071,OBJECT_34071,188.3015,14.9844,0.0014501,0.00031532,0.0002
81102,OBJECT_81102,85004,OBJECT_85004,1081.9449,13.1435,0.0014501,0.00021467,0.0002
81102,OBJECT_81102,36632,OBJECT_36632,2660.4066,10.4982,0.0014501,0.00030172,0.0002
81102,OBJECT_81102,38022,OBJECT_38022,580.7057,14.8466,0.0014501,0.00045390000000000003,0.0002
81102,OBJECT_81102,33870,OBJECT_33870,1587.423,13.0879,0.0014501,0.00037364000000000006,0.0002
81102,OBJECT_81102,31738,OBJECT_31738,1023.79,14.4715,0.0014501,0.0015345,0.0002
81102,OBJECT_81102,34613,OBJECT_34613,379.1213,9.6124,0.0014501,0.0010842,0.0002
81102,OBJECT_81102,31717,OBJECT_31717,765.368,14.0145,0.0014501,0.0006547699999999999,0.0002
81102,OBJECT_81102,31734,OBJECT_31734,652.9484,14.5749,0.0014501,0.00028543000000000004,0.0002
81102,OBJECT_81102,35884,OBJECT_35884,873.7432,13.7117,0.0014501,0.0005130400000000001,0.0002
81102,OBJECT_81102,34474,OBJECT_34474,977.5881,13.8757,0.0014501,0.00083255,0.0002
81102,OBJECT_81102,31209,OBJECT_31209,1438.9256,13.0368,0.0014501,0.0007802099999999999,0.0002
81102,OBJECT_81102,34579,OBJECT_34579,1436.6976,3.8204,0.0014501,0.00023,0.0
81102,OBJECT_81102,34011,OBJECT_34011,573.4083,12.8494,0.0014501,0.00054582,0.0002
81102,OBJECT_81102,30401,OBJECT_30401,1798.6564,6.8223,0.0014501,9.4969e-05,0.0001
81102,OBJECT_81102,31328,OBJECT_31328,2339.6826,13.7652,0.0014501,4.7863e-05,0.0001
81102,OBJECT_81102,31929,OBJECT_31929,1590.2784,11.4944,0.0014501,0.00026166,0.0002
81102,OBJECT_81102,36080,OBJECT_36080,1142.4872,14.8513,0.0014501,0.00025777,0.0002
81102,OBJECT_81102,35631,OBJECT_35631,860.8992,14.6422,0.0014501,0.00010576,0.0001
81102,OBJECT_81102,47001,OBJECT_47001,653.7857,14.2959,0.0014501,0.00093035,0.0002
81102,OBJECT_81102,35159,OBJECT_35159,895.2994,14.2519,0.0014501,0.0014353,0.0002
81102,OBJECT_81102,30699,OBJECT_30699,640.3339,10.795,0.0014501,0.0013591,0.0002
81102,OBJECT_81102,31442,OBJECT_31442,1813.7338,13.4935,0.0014501,0.00021152,0.0002
81102,OBJECT_81102,33866,OBJECT_33866,1373.6667,12.1873,0.0014501,0.0010992,0.0002
81102,OBJECT_81102,37049,OBJECT_37049,729.7429,15.5741,0.0014501,0.0011136,0.0002
81102,OBJECT_81102,36255,OBJECT_36255,1960.159,11.3484,0.0014501,0.00043594,0.0002
81102,OBJECT_81102,46734,OBJECT_46734,894.3113,14.8145,0.0014501,0.00049463,0.0002
81102,OBJECT_81102,35830,OBJECT_35830,3110.1495,9.4165,0.0014501,0.00080915,0.0002
81102,OBJECT_81102,33733,OBJECT_33733,1703.573,14.0725,0.0014501,0.0024479000000000002,0.0002
81102,OBJECT_81102,30119,OBJECT_30119,899.2238,13.4305,0.0014501,0.00070493,0.0002
81102,OBJECT_81102,34962,OBJECT_34962,2103.8901,4.8994,0.0014501,0.000248,0.0001
81102,OBJECT_81102,33828,OBJECT_33828,1174.1777,4.4253,0.0014501,0.00023519,0.0001
81102,OBJECT_81102,32430,OBJECT_32430,745.5817,15.1142,0.0014501,0.0011932,0.0002
81102,OBJECT_81102,32224,OBJECT_32224,511.3153,12.74,0.0014501,0.00020406,0.0002
81102,OBJECT_81102,37484,OBJECT_37484,787.2167,3.2982,0.0014501,0.00028781,0.0
81102,OBJECT_81102,37973,OBJECT_37973,2392.8526,11.4272,0.0014501,0.00021861,0.0002
81102,OBJECT_81102,30771,OBJECT_30771,1033.8011,14.4839,0.0014501,0.0013972000000000001,0.0002
81102,OBJECT_81102,34538,OBJECT_34538,980.0281,15.0519,0.0014501,0.00032818,0.0002
81102,OBJECT_81102,31237,OBJECT_31237,825.063,14.8812,0.0014501,0.00033378000000000005,0.0002
81102,OBJECT_81102,30959,OBJECT_30959,682.1665,14.3277,0.0014501,0.00066699,0.0002
81102,OBJECT_81102,29954,OBJECT_29954,577.9492,14.1991,0.0014501,0.0005574099999999999,0.0002
81102,OBJECT_81102,33938,OBJECT_33938,1060.2066,3.2343,0.0014501,0.00024994,0.0
81102,OBJECT_81102,34546,OBJECT_34546,2328.7612,6.7521,0.0014501,0.00033139000000000004,0.0002
81102,OBJECT_81102,29884,OBJECT_29884,1587.9127,13.8029,0.0014501,0.00046437000000000003,0.0002
81102,OBJECT_81102,35038,OBJECT_35038,1317.1591,12.895,0.0014501,0.00066801,0.0002
81102,OBJECT_81102,30827,OBJECT_30827,1068.4095,15.0471,0.0014501,0.0016830999999999999,0.0002
81102,OBJECT_81102,34845,OBJECT_34845,793.2392,8.2536,0.0014501,0.00017035,0.0001
81102,OBJECT_81102,34350,OBJECT_34350,902.0257,15.0519,0.0014501,0.00019621,0.0001
81102,OBJECT_81102,30453,OBJECT_30453,716.1515,14.1082,0.0014501,0.00084263,0.0002
81102,OBJECT_81102,37312,OBJECT_37312,696.3454,3.8873,0.0014501,0.00026921000000000003,0.0001
81102,OBJECT_81102,35065,OBJECT_35065,442.9047,4.056,0.0014501,0.00023741000000000002,0.0001
81102,OBJECT_81102,31266,OBJECT_31266,664.3898,14.989,0.0014501,0.00016219000000000002,0.0001
81102,OBJECT_81102,34648,OBJECT_34648,454.2567,10.3586,0.0014501,0.0005511200000000001,0.0002
81102,OBJECT_81102,34344,OBJECT_34344,1826.3018,10.1086,0.0014501,0.0013453000000000002,0.0002
81102,OBJECT_81102,32174,OBJECT_32174,978.6639,14.4107,0.0014501,0.00011799,0.0001
81102,OBJECT_81102,30197,OBJECT_30197,433.9236,10.8878,0.0014501,0.00040884,0.0002
81102,OBJECT_81102,37998,OBJECT_37998,1133.6028,4.1479,0.0014501,0.00016481000000000002,0.0
81102,OBJECT_81102,30389,OBJECT_30389,949.6173,14.1269,0.0014501,0.0013885,0.0002
81102,OBJECT_81102,31178,OBJECT_31178,867.6143,15.7858,0.0014501,0.00089178,0.0002
81102,OBJECT_81102,34487,OBJECT_34487,478.3619,15.0952,0.0014501,0.00011481,0.0001
81102,OBJECT_81102,34793,OBJECT_34793,1345.9877,5.8351,0.0014501,0.00012449,0.0001
81102,OBJECT_81102,37694,OBJECT_37694,1276.8934,14.1395,0.0014501,0.0013056,0.0002
81102,OBJECT_81102,34413,OBJECT_34413,1244.293,8.5546,0.0014501,0.00067842,0.0002
81102,OBJECT_81102,33791,OBJECT_33791,655.1281,13.5554,0.0014501,0.00036169,0.0002
81102,OBJECT_81102,38056,OBJECT_38056,1860.9954,11.7533,0.0014501,0.0012276,0.0002
81102,OBJECT_81102,30121,OBJECT_30121,626.7861,12.1652,0.0014501,0.0019963,0.0002
81102,OBJECT_81102,32156,OBJECT_32156,2117.2758,8.0932,0.0014501,0.00015023,0.0001
81102,OBJECT_81102,31411,OBJECT_31411,1399.4026,14.1489,0.0014501,0.00022202,0.0002
81102,OBJECT_81102,35051,OBJECT_35051,499.1501,15.0592,0.0014501,0.00036097,0.0002
81102,OBJECT_81102,36083,OBJECT_36083,481.0267,14.4162,0.0014501,0.00026284,0.0002
81102,OBJECT_81102,37400,OBJECT_37400,1089.5835,8.581,0.0014501,0.00039267,0.0002
81102,OBJECT_81102,30001,OBJECT_30001,1633.2931,13.5876,0.0014501,0.0015799,0.0002
81102,OBJECT_81102,35902,OBJECT_35902,3061.3826,5.6232,0.0014501,0.00052362,0.0002
81102,OBJECT_81102,30564,OBJECT_30564,624.5717,15.3178,0.0014501,0.00057096,0.0002
81102,OBJECT_81102,34476,OBJECT_34476,1494.117,10.1402,0.0014501,0.003253,0.0002
81102,OBJECT_81102,34563,OBJECT_34563,275.8135,3.5453,0.0014501,0.00028322000000000004,0.0
81102,OBJECT_81102,36199,OBJECT_36199,1427.9212,15.4447,0.0014501,0.00018262999999999998,0.0001
81102,OBJECT_81102,31350,OBJECT_31350,1312.3245,8.0954,0.0014501,0.00029703000000000005,0.0002
81102,OBJECT_81102,30902,OBJECT_30902,629.3423,15.6728,0.0014501,0.00095287,0.0002
81102,OBJECT_81102,37900,OBJECT_37900,2457.0464,9.786,0.0014501,0.0008350100000000001,0.0002
81102,OBJECT_81102,31194,OBJECT_31194,2279.1851,7.8075,0.0014501,0.00050434,0.0002
81102,OBJECT_81102,36528,OBJECT_36528,362.7874,7.3814,0.0014501,0.00030855,0.0002
81102,OBJECT_81102,37292,OBJECT_37292,732.9475,11.9518,0.0014501,0.00047525000000000003,0.0002
81102,OBJECT_81102,29979,OBJECT_29979,1130.9497,15.5446,0.0014501,0.00027667,0.0002
81102,OBJECT_81102,30872,OBJECT_30872,1038.8442,14.4582,0.0014501,0.00050878,0.0002
81102,OBJECT_81102,31660,OBJECT_31660,700.5053,14.917,0.0014501,0.00026729000000000005,0.0002
81102,OBJECT_81102,35297,OBJECT_35297,1187.221,13.1823,0.0014501,0.00036141,0.0002
81102,OBJECT_81102,31755,OBJECT_31755,552.1729,14.5445,0.0014501,0.00014301,0.0001
81102,OBJECT_81102,33933,OBJECT_33933,1798.9688,12.1437,0.0014501,0.00017056,0.0001
81102,OBJECT_81102,47007,OBJECT_47007,1970.5686,7.192,0.0014501,0.0014539,0.0002
81102,OBJECT_81102,30622,OBJECT_30622,472.3819,14.3091,0.0014501,0.0017686,0.0002
81102,OBJECT_81102,30639,OBJECT_30639,1297.0221,12.192,0.0014501,0.0017549999999999998,0.0002
81102,OBJECT_81102,32320,OBJECT_32320,1592.4721,9.1481,0.0014501,0.0006412900000000001,0.0002
81102,OBJECT_81102,31215,OBJECT_31215,665.5979,6.3153,0.0014501,0.0005612000000000001,0.0002
81102,OBJECT_81102,31740,OBJECT_31740,1472.2184,7.1932,0.0014501,0.00064284,0.0002
81102,OBJECT_81102,37428,OBJECT_37428,1379.651,7.3506,0.0014501,0.00074013,0.0002
81102,OBJECT_81102,31085,OBJECT_31085,1665.4752,7.2004,0.0014501,6.197e-05,0.0001
81102,OBJECT_81102,34056,OBJECT_34056,451.0322,11.6663,0.0014501,0.00079235,0.0002
81102,OBJECT_81102,33766,OBJECT_33766,2651.3094,8.1348,0.0014501,0.00042065,0.0002
81102,OBJECT_81102,29790,OBJECT_29790,1263.7712,15.3878,0.0014501,0.00017422000000000002,0.0001
27601,OBJECT_27601,81102,OBJECT_81102,653.3789,11.7385,9.3063e-05,0.0014501,0.0002
81102,OBJECT_81102,31819,OBJECT_31819,844.0579,14.3027,0.0014501,0.00021855,0.0002
81102,OBJECT_81102,37537,OBJECT_37537,2258.5105,7.939,0.0014501,0.00013192000000000002,0.0001
81102,OBJECT_81102,37280,OBJECT_37280,1957.1231,11.829,0.0014501,0.00034860999999999996,0.0002
81102,OBJECT_81102,30096,OBJECT_30096,1138.6358,13.5772,0.0014501,0.00019862,0.0001
81102,OBJECT_81102,34814,OBJECT_34814,663.3712,12.6009,0.0014501,0.0005043,0.0002
81102,OBJECT_81102,31433,OBJECT_31433,2827.0206,8.0775,0.0014501,0.0014601,0.0002
81102,OBJECT_81102,30414,OBJECT_30414,1040.7962,8.9915,0.0014501,0.0013247,0.0002
81102,OBJECT_81102,47052,OBJECT_47052,1178.0226,13.7267,0.0014501,0.0001394,0.0001
81102,OBJECT_81102,36724,OBJECT_36724,871.4889,14.3293,0.0014501,0.00089333,0.0002
81102,OBJECT_81102,31437,OBJECT_31437,1061.0846,14.1727,0.0014501,0.0013825,0.0002
81102,OBJECT_81102,33995,OBJECT_33995,3120.452,9.5281,0.0014501,0.00043699,0.0002
81102,OBJECT_81102,46439,OBJECT_46439,602.9315,14.1733,0.0014501,0.00023319,0.0002
81102,OBJECT_81102,39591,OBJECT_39591,1003.0063,5.3407,0.0014501,0.00018162,0.0
81102,OBJECT_81102,34874,OBJECT_34874,1337.818,11.9624,0.0014501,0.00033712,0.0002
81102,OBJECT_81102,36430,OBJECT_36430,1367.4925,10.6395,0.0014501,0.00026384000000000005,0.0002
81102,OBJECT_81102,36483,OBJECT_36483,1469.9521,13.5926,0.0014501,0.00020413,0.0002
81102,OBJECT_81102,81499,OBJECT_81499,1738.0071,3.6265,0.0014501,0.0003977,0.0
81102,OBJECT_81102,34969,OBJECT_34969,1410.7982,13.641,0.0014501,9.0814e-05,0.0001
81102,OBJECT_81102,33892,OBJECT_33892,172.0832,10.7248,0.0014501,0.0002856,0.0002
81102,OBJECT_81102,35462,OBJECT_35462,290.3231,8.6591,0.0014501,0.0007495199999999999,0.0002
81102,OBJECT_81102,31471,OBJECT_31471,975.5019,6.1046,0.0014501,0.0011337,0.0002
81102,OBJECT_81102,30466,OBJECT_30466,139.8654,15.3418,0.0014501,0.00059007,0.0002
81102,OBJECT_81102,81844,OBJECT_81844,869.1103,5.4832,0.0014501,0.0013929,0.0002
81102,OBJECT_81102,38058,OBJECT_38058,779.5772,13.9262,0.0014501,0.0007144,0.0002
81102,OBJECT_81102,31333,OBJECT_31333,1248.9922,15.4178,0.0014501,0.00029237999999999996,0.0002
81102,OBJECT_81102,35593,OBJECT_35593,2101.0465,10.8264,0.0014501,0.00045539,0.0002
81102,OBJECT_81102,32360,OBJECT_32360,2072.2113,10.2906,0.0014501,0.0014043,0.0002
81102,OBJECT_81102,34389,OBJECT_34389,1974.7248,5.5616,0.0014501,0.00022674000000000001,0.0002
81102,OBJECT_81102,29758,OBJECT_29758,2239.7862,12.0902,0.0014501,0.0014111000000000002,0.0002
81102,OBJECT_81102,37284,OBJECT_37284,883.3642,5.1261,0.0014501,0.00028885,0.0001
81102,OBJECT_81102,32155,OBJECT_32155,1115.1265,11.2512,0.0014501,0.00038097,0.0002
81102,OBJECT_81102,30341,OBJECT_30341,2136.3389,9.0248,0.0014501,0.0016926,0.0002
3597,OBJECT_03597,81102,OBJECT_81102,1307.4158,4.4543,4.1426000000000006e-05,0.0014501,0.0001
81102,OBJECT_81102,38155,OBJECT_38155,3300.497,8.8495,0.0014501,0.0018801000000000002,0.0002
81102,OBJECT_81102,34813,OBJECT_34813,4576.4716,6.1947,0.0014501,0.0026394,0.0002
81102,OBJECT_81102,35846,OBJECT_35846,1239.9294,13.3743,0.0014501,0.00030368,0.0002
81102,OBJECT_81102,31627,OBJECT_31627,549.4273,14.9678,0.0014501,0.0007306000000000001,0.0002
81102,OBJECT_81102,37331,OBJECT_37331,1669.8915,11.9792,0.0014501,0.00028167,0.0002
81102,OBJECT_81102,33905,OBJECT_33905,1014.8348,12.0566,0.0014501,0.00048524,0.0002
81102,OBJECT_81102,33761,OBJECT_33761,2330.0884,5.7816,0.0014501,0.00022364000000000002,0.0002
81102,OBJECT_81102,30345,OBJECT_30345,1075.8816,14.4836,0.0014501,0.001211,0.0002
81102,OBJECT_81102,34481,OBJECT_34481,1636.7807,12.4797,0.0014501,0.00023377,0.0002
81102,OBJECT_81102,34985,OBJECT_34985,1408.9492,13.2191,0.0014501,0.0003239,0.0002
81102,OBJECT_81102,30408,OBJECT_30408,905.7975,13.3314,0.0014501,0.0030242000000000003,0.0002
81102,OBJECT_81102,30731,OBJECT_30731,479.829,13.7706,0.0014501,0.0014351,0.0002
81102,OBJECT_81102,34064,OBJECT_34064,2262.4174,8.68,0.0014501,0.0002516,0.0002
81102,OBJECT_81102,30346,OBJECT_30346,2002.2312,13.9233,0.0014501,0.0011801000000000001,0.0002
81102,OBJECT_81102,31078,OBJECT_31078,1471.325,13.6681,0.0014501,0.00034760000000000005,0.0002
81102,OBJECT_81102,34019,OBJECT_34019,1345.8745,13.1328,0.0014501,0.00035725000000000004,0.0002
81102,OBJECT_81102,53093,OBJECT_53093,867.1547,10.7421,0.0014501,0.00039834,0.0002
81102,OBJECT_81102,30723,OBJECT_30723,151.0377,13.6786,0.0014501,0.0015144,0.0002
81102,OBJECT_81102,35825,OBJECT_35825,1632.0952,4.3795,0.0014501,0.00067782,0.0001
81102,OBJECT_81102,81775,OBJECT_81775,1313.0968,10.385,0.0014501,0.00097971,0.0002
81102,OBJECT_81102,33932,OBJECT_33932,2336.7266,12.1805,0.0014501,0.0002655,0.0002
81102,OBJECT_81102,30366,OBJECT_30366,300.6237,9.8478,0.0014501,0.00026506999999999995,0.0002
81102,OBJECT_81102,34722,OBJECT_34722,563.4416,13.9407,0.0014501,0.00025546000000000005,0.0002
81102,OBJECT_81102,81824,OBJECT_81824,845.4667,10.1148,0.0014501,0.0014015,0.0002
81102,OBJECT_81102,37533,OBJECT_37533,585.2902,3.684,0.0014501,0.00064137,0.0
81102,OBJECT_81102,31260,OBJECT_31260,2323.247,9.2834,0.0014501,0.00054062,0.0002
81102,OBJECT_81102,30978,OBJECT_30978,101.2453,15.3461,0.0014501,0.0005864500000000001,0.0002
81102,OBJECT_81102,34610,OBJECT_34610,1511.3447,9.7761,0.0014501,0.00080816,0.0002
81102,OBJECT_81102,33630,OBJECT_33630,2169.0931,13.142,0.0014501,0.0001341,0.0001
81102,OBJECT_81102,35895,OBJECT_35895,171.3624,14.1783,0.0014501,0.00036599,0.0002
81102,OBJECT_81102,34761,OBJECT_34761,1487.8844,14.007,0.0014501,0.00030877,0.0002
81102,OBJECT_81102,34037,OBJECT_34037,1305.8338,12.8831,0.0014501,0.00025729,0.0002
81102,OBJECT_81102,38477,OBJECT_38477,2117.4404,11.1569,0.0014501,0.0017285,0.0002
81102,OBJECT_81102,33822,OBJECT_33822,1189.3205,4.1883,0.0014501,0.0010817000000000001,0.0001
81102,OBJECT_81102,40998,OBJECT_40998,1518.9895,13.4676,0.0014501,0.00027114,0.0002
81102,OBJECT_81102,34908,OBJECT_34908,1081.461,13.7259,0.0014501,0.0002915,0.0002
81102,OBJECT_81102,34754,OBJECT_34754,1092.3012,4.3166,0.0014501,0.00010053,0.0
81102,OBJECT_81102,31560,OBJECT_31560,379.2508,15.5458,0.0014501,3.1907000000000005e-05,0.0001
81102,OBJECT_81102,29889,OBJECT_29889,823.1564,11.5937,0.0014501,0.00019045000000000002,0.0001
81102,OBJECT_81102,35835,OBJECT_35835,2366.2324,11.9409,0.0014501,0.00074985,0.0002
